District,Pharmacy Name,Address,Phone

البقاع الغربي,النور الجديدة - بعلول,بعلول حي الشارع العام طريق عام بعلول القرعون ملك أديب قاسم النسر عقار 2269,08/630075; 03/699680
البقاع الغربي,دورين - خربة قنافار,خربة قنافار- الحي التحتاني- الشارع العام- ملك مارسل كرم,08/645744
البقاع الغربي,زاهر - جبجنين,جب جنين العقارية عقار رقم 2041 ملك حسين خليل الدسوقي,08/660360; 76/620602
البقاع الغربي,شمس الدين - جبجنين,جب جنين- الشارع العام- ملك محمد احمد الملط,08/661165
البقاع الغربي,صيدلية اسراء - جب جنين,جب جنين الطريق العام رأس فيلول عقار رقم 905 -ملك صالح أحمد شمس الدين,08/663030
البقاع الغربي,صيدلية البحيره - مشغرة,منطقة مشغرة العقارية -الشارع العام عقار 4790 المحل الثاني من الجهة الشمالية- ملك ايمن مرعي,71/951190
البقاع الغربي,صيدلية الدسوقي Dasuki Pharmacy - جب جنين,صيدلية الدسوقي جب جنين -الشارع العام -عقار رقم 767 ملك منير كمال شرانق,08/662616
البقاع الغربي,صيدلية الغد الأفضل الطبية - الخياره,الخيارة الطريق العام -العقار رقم 147-الخيارة-المحل من الجهة الجنوبية الشرقية- مقابل مدخل الجامعة اللبنانية,71/320751
البقاع الغربي,صيدلية الهادي الحديثة,منطقة سحمر العقارية-محل رقم 1و2 من الجهة الجنوبية الغربية-عقار رقم 367- ملك علي القزويني,81/827992
البقاع الغربي,صيدلية الين - القرعون,القرعون -حي الميدان -الشارع العام -عقار رقم 184-ملك طارق كموني,08/631173; 03/173741
البقاع الغربي,صيدلية ثابت - كامد اللوز,كامد اللوز الطريق العام عقار رقم 1496 ملك عبد اللطيف أحمد طه,08/662732; 03/770831
البقاع الغربي,صيدلية رمضان - المرج,منطقة المرج -حي المقاصد شارع عمر بن العاص عقار رقم 1314-1315 المرج العقارية ملك حسن محمد زعرور,28/512760; 03/025090
البقاع الغربي,صيدلية فارما تودو FARMA TODO,عقار رقم 1454-الال-حي الفاخورية- الطريق العام المحلين من الجهة الشرقية الجنوبية -ملك جمعية الكشاف المسلم,08/663062; 78/823282
البقاع الغربي,صيدلية محيدلي الطبية Med Pharmacy Mhaidly - مشغرة,منطقة مشغرة العقارية -الشارع العام عقار 562 -المحلان الواقعان في الجهة الشمالية -ملك عيسى محيدلي,08/650850; 78/860751
البقاع الغربي,كامد اللوز - كامد اللوز,كامد اللوز الشارع العام ملك احمد طه عقار 1458,08/660592; 03/761039
البقاع الغربي,نبيل - جبجنين,جب جنين- الشارع العام- ملك الياس الحداد,08/662020
البقاع الغربي,نسيم صيدلية - المرج,المرج - old road First floor,03/955145
الجنوب - جزين,سليم - جزين,جزين سنتر عون ملك جان مارون سليم وجوزيف جان سليم عقار 1389 قسم,03/607457; 07/780762
الجنوب - صور,FAMILY PHARMACY - الصرفند,الصرفند-حي عين القنطرة-الشارع العام-الصرفند-العقار رقم 63-بابولك B-المحلين,81/010042
الجنوب - صور,PHARMACY SHOUR -,منطقة جناتا العقارية-حي صدر المغارة وكفت خلة العرب-عقار 6-القسم 3,07/400981; 70/827727
الجنوب - صور,Rola Pharmacy -,العباسية - مركز ساحلي سوق - ملك فؤاد ساحلي,03/949479
الجنوب - صور,الحياة - صور,منطقة صور العقارية - عقار رقم 2297 القسم رقم 4 -ملك عبير يوسف يونس,03/170442; 07/350073
الجنوب - صور,الزين - العباسية,العباسية حي البياضة مستشفى جبل عامل ملك نعي ملحم عقار 1975 قسم 7,03/052274; 07349933
الجنوب - صور,الشهابية - الشهابية,الشهابية حي درب السوق ملك احمد قاصوه عقار غير ممسوح,07/410870; 03/604791
الجنوب - صور,النور - العباسية,العباسية الشارع العام ملكه عقار 84 قسم 4,03/500560; 07/346308; 07/742742
الجنوب - صور,حرب - دير قانون,منطقة دير قانون النهر العقارية - عقار رقم 303 -بلوك ب -القسم رقم 1 ملك عبد الحفيظ عبدالله قصير,07/382114; 70/652380
الجنوب - صور,حكم - برج الشمالي,برج الشمالي مفرق قنا ملك قاسم برجي عقار 1691 قسم 6,03/337645; 07/346330
الجنوب - صور,حلال - صور,الاوتسترداد ملك خليل حلال عقار 941,70/993110; 07/430296
الجنوب - صور,حيدر - صور,صور البوابة ملك وقف الروم الكاثوليك,76/752836; 03/217496; 07/741411; 07/740428
الجنوب - صور,صور - صور,صور الرمل مدخل صور ملك صفيالدين عقار 9887,03/00443; 07/740328; 03/354684
الجنوب - صور,صوفان - باتولية,منطقة باتولية العقارية - عقار رقم 930 - ملك حسن محمد خليل,70/145028
الجنوب - صور,صيدلية الجواد - جوا,منطقة جوا العقارية - عقار 59 المحل الكائن في الجهة الغربية ملك باسم حمود,81/608486; 81/929677
الجنوب - صور,صيدلية الحسن-صور,منطقة معروب العقارية-عقار 510-المحل للجهة الشرقية للبناء رقم 1 ملك محمد عز الدين,76/142697; 70/528101
الجنوب - صور,صيدلية الحوث - صور,برج الشمالي الشارع العام/الحوث ملك حسن محمود عديدة عقار 1536 قسم 8,03/571221; 07/348428
الجنوب - صور,صيدلية العمد - الشهابية,الشهابية-قضاء صور-الشارع العام-العقار رقم 1194-ملك علي عبد الهادي ركين,03/895150; 07/412040
الجنوب - صور,صيدلية الوفاء - صديقين,صديقين حي كروم العتاق الشارع العام عقار غير ممسوح ملك حسين زين العابدين بلحس,81/934299
الجنوب - صور,صيدلية بدوي - العباسية,العباسية حي الحوث الشارع العام عقار رقم 79 محل رقم 1 البلوك C منطقة,70/001322; 07/346472
الجنوب - صور,صيدلية رشا بسما - صور,عين بعل - حي الحوث شارع كمال سلهب عقار 1109 قسم 5 ملك الحاج عبد الكريم وعبدالله سيتي,70/355226; 07/350391
الجنوب - صور,طباجه - مجالد,المجادل حي السهل الشارع العام عقار 171 ملك علي عبد الكريم نعيم,76/626082; 07/411209
الجنوب - صور,عزالدين - صور,صور - مفرق الاستراحة - شارع حافظ الاسد - ملك علي فريدون,07/741632
الجنوب - صور,عطوي - صور,صور-الروم الاورثونكس وقف الروم الاورثونكس عقار 379,70/658196; 03/702360; 07/740087
الجنوب - صور,قصير - دير قانون النهر,دير قانون النهر - حي ضهر الهواء - الشارع العام - ملك محمود و ربيع حريري,07/400448; 70/639349
الجنوب - صور,مادونا - دير قانون,منطقة دير قانون رأس العين العقارية رقم العقار 1118 القسم 6 ملك انعام حسين حردان وابتمان حردان,03/740356; 07/396316
الجنوب - صور,مايا - طير دبه,طير دبه - الشارع العام- ملك علي محمد شهاب,76/725886; 76/911734
الجنوب - صور,مسلماني - الناقورة,الناقورة الشارع العام ملك وهبي ابراهيم مسلماني عقار 381,07/340046; 03/733764
الجنوب - صور,معركة,معركة الشارع العام ملك محمد طرد عقار 1559,71/411417; 07/315315
الجنوب - صيدا,Dania Pharmacy - الداودية,الداودية - ملك محمد عبدالله حيدر,03/809692
الجنوب - صيدا,GREEN PHARMACY - الميمة,المية و المقاربة - حي عين الحلوة - العقار رقم 1066 - القسم 5 - بلوك A,03/705596
الجنوب - صيدا,Pharmacy AL-MOSTAFA - برج الشمالي,main street center hajo,07/350779
الجنوب - صيدا,Rabih Pharmacie - المصليح - الشارع العام- عقار 4/53 ملك حسن برو,المصليح - الشارع العام- عقار 4/53 ملك حسن برو,03/893144
الجنوب - صيدا,Saita Down Town Pharmacy - صيدا,صيدا منطقة الدكرمان العقارية-عقار 2116-القسم 6-ملك مازن العلالي,07/753227
الجنوب - صيدا,البابليه - الحاموشة - الشارع العام عار رقم 458 -ملك محمد عبد الحسين شاهين,البابليه - حي الحاموشة - الشارع العام عار رقم 458 -ملك محمد عبد الحسيين شاهين,03/907504; 07/421009
الجنوب - صيدا,البيطار - الدكرمان صيدا,صيدا - البراد - الزعتري الدكرمان ملك مصطفى البيطار عقار 1601/7 و 8 و 9,03/724922; 07/724922
الجنوب - صيدا,الجرللي - صيدا,صيدا-فخر الدين ملك دائرة الاقاف الاسلامية عقار 443,03/645423; 07/723051
الجنوب - صيدا,الزيباوي - صيدا,حي البراد-دوار مرجان-خلف بنك ميد بنية الحريري - الطابق الأرضي,70/076078; 07/730986
الجنوب - صيدا,السراي - الدكتوران - صيدا,صيدا حي الدكتوران دوار السراي اووتسترد الشرقى ملك وفاء صيلي عقار 1732,03/339678; 07/72740
الجنوب - صيدا,الصفاء - الزراعية,الزراعية الطريق العام ملك علي خليل عقار 1837,07/305309; 03/413263
الجنوب - صيدا,الغازية - الغازية,الغازية - ملك سعيد مصطفى عيسى,07/220028
الجنوب - صيدا,المروج - غسانية,الغسانية - الشارع العام - ملك محمدسليم عباس فوزا,07/420880
الجنوب - صيدا,الهاني - الهلالية - صيدا,الهلالية - جزيان-ملك محمد الجردلي عقار 263 قسم 6,08/872920; 07/722975
الجنوب - صيدا,ايليا - مغدوشة,مغدوشة - حي الدورة - الشارع العام - ملك كلود مارون يونان,07/200884
الجنوب - صيدا,بزون - البيسارية,البيسارية العاقبة شارع صيدا/صور ملك احمد عبد الكريم خليفة عقار 712,03/828920; 07/260640; 1/92200
الجنوب - صيدا,بعاصيري - عبرا,عبرا الشارع العام - بديع ونصار ملك بعاصيري عقار 937,76/818806; 07/725623
الجنوب - صيدا,دادو - غسانية,الغسانية - الشارع الرئيسي - البيدر ملك وطفي فواز عقار 649,03/543117; 07/420050
الجنوب - صيدا,داليا - عين الدلب,عين الدلب - حي الفوار - شارع صيدا - جباع(الحوشة) - عقار رقم 229 القسم VI,70/693650; 07/737142
الجنوب - صيدا,سما - الغازية,الغازية - حي الزاهرة - ملك احمد رضا محمد شكر,07/224012; 70/814197
الجنوب - صيدا,صيدا - صيدا,رقم 32-ملك حسن ومحمد منانا وكاملة يونس,03/879339
الجنوب - صيدا,صيدلية احمد - كفرحتي,كفرحتي منطقة قيوصف الشارع العام خط صيدا جباع عقار 1333 - نصر الله حمدي,71/595653; 07/215512
الجنوب - صيدا,صيدلية اربج - الغازية,الغازية - حي خلة السنديات - عقار 2477 - القسم 6 - ملك احمد خليفة,07/225850; 70/916723
الجنوب - صيدا,صيدلية الابتسام - كفرحتي,ملك محمد القبرصي والقسم VII - ملك احمد القبرصي,03/725058; 07/215051
الجنوب - صيدا,صيدلية بحمد - كفرملكي - صيدا,منطقة كفرملكي العقارية - عقار 2210-محل في الجهة الشرقية - ملك علي حمدي,07/720066
الجنوب - صيدا,صيدلية خوري - القريه,القريه الشارع العام ملك نبيل علي زيعور عقار 19 القسم 14 بلوك B,76/073632; 07/260735
الجنوب - صيدا,صيدلية زينه - الصولاني - صيدا,منطقة وسطاني العقارية - عقار 1534 القسم 12/13 A/ 13/9 ملك محمد يماني,03/721077; 07/722009
الجنوب - صيدا,صيدلية مرجان - الدكرمان - صيدا,منطقة الدكرمان العقارية - عقار 495 القسم 31/2 (ابتداء من الغرب بجانب بنك عوده),03/076390; 07/731701
الجنوب - صيدا,طالب - عربا,عبرا حي زكازيك شارع عبرا ملك بالل فياض عقار 5 و 4/656,03/290561; 07/721428
الجنوب - صيدا,عاطف البساط - صيدا,صيدا - رياض الصلح - البزري حي الدكتوران صيدا - رياض الصلح - البزري حي,71/535610; 07/721821; 03/767643
الجنوب - صيدا,على - تفاحا,تفاحا حي العريش الطريق العام عقار 992 ملك علي احمد عز الدين,70/098199; 07/421099
الجنوب - صيدا,كاعين - الغازية,الغازية شارع القاضي خليفة ملك علي الحلبي عقار 230,03/407269; 07/223349
الجنوب - صيدا,مرجان الجديدة - صيدا,صيدا - منطقة الدكتوران العقارية - شارع المطران 3 محلات في عقار 1/44,76/720700; 07/720700; 03/930808
الجنوب - صيدا,نادر - الهلالية - صيدا,الهلالية - طريق عين الدلب - اول مدخل حارة صيدا - بناية خالد شمس - ملك محمد صالح,07/737350
الجنوب - صيدا,نغم - صيدا,صيدا حي الدكتوران - شارع جمال الجبال - عقار رقم 2179/منطقة الدكتوران العقارية - القسم 6-ملك خلدون صفوة سعد المصري,70/013032; 07/752353
الجنوب - صيدا,وسام - الصرفند,طريق عام صيدا - صور بناية خليفة مقابل مستشفى علاو البن بناية خليفة / مقابل مستشفى علاو الدين / ملك وسام خزويبي,03/411471
الشمال - البترون,Basbina - بسيينا,البترون - حي الدورة - طريق اده - عقار رقم 2523 ملك عيسى جرجس المقدسي,70/916287; 06/744768
الشمال - البترون,Pharmaceutic - صيدلية مارتين - عقار رقم 2181 ملك ايل يونس,,06642803; 76878080
الشمال - البترون,الكسي - شكا,شكا - السهل - ملك وجيه سلوم وطونى نقولا عقار 1950 وجيه سلوم وطونى نقولا - طابق ارضي,03/346459; 06/540498
الشمال - البترون,جلبوط - البترون,البترون - البوابة ملك فريد الجلبوط عقار 2444/6,03/266200; 06/742003
الشمال - البترون,راجي - اجدرا,اجدرا - البترون - الطريق العام - ملك الشيخ ريمون الدكتور انطوان ابي راشد,06/725364
الشمال - البترون,سانت ريتا - بسيينا - Saintine Rita,البترون حي بسيينا الشارع العام عقار رقم 371 مقسم رقم 6 ملك ريتا ساروفيم,06/740602; 03/522456
الشمال - البترون,شكا,عقار رقم 8/1231 - حي البلاط - اوتوستراد الأرز - ملك سهيله حرقص,26/542682
الشمال - البترون,صيدلية داغر - البترون,البترون حي وطى برا بملكها عقار 2541 القسم رقم 5,03/705574; 06/740123
الشمال - الكورة,WannaMed Pharmacy - اميون - البحصاص,رأس مسقاط - طعة ضهر العين ملك مفرج عقار 76,06/954552
الشمال - الكورة,السناء - اميون - البحصاص,رأس مسقاط - طعة ضهر العين ملك مفرج عقار 76,06/411123; 03/214229
الشمال - الكورة,القديس بندلا - ميون - كوسبا,,03/663246; 06/651031
الشمال - الكورة,انجل - فيع,,03/794882; 06/510029
الشمال - الكورة,بلمند فارماسي - الشمال,,03/334711; 06/933035
الشمال - الكورة,جبور - كوسبا,,71/002791; 06/400411
الشمال - الكورة,رانيا فارما - النخلة,,03/859408; 06/510430
الشمال - الكورة,سان جورج - الكورة - عبا,,06/418678
الشمال - الكورة,سان ميشال - كفرعقا,,03/488688; 06/955688
الشمال - الكورة,سانت تقلا - كفرصارون,,03/920583; 06/953032
الشمال - الكورة,سانتا بريرا - كوسبا,,03/340564; 06/511640
الشمال - الكورة,سانتا مارينا - اميون,,03/350775; 06/950624; 06/651355
الشمال - الكورة,صيدلية المعتصم - الكورة,منطقة راس مسقا العقارية-العقار رقم 2813-المقسم 6-ملك نزهة فيطاريجي,76/396387
الشمال - الكورة,صيدلية داني - الوسطاني - صيدا,,03/949311; 07/721820
الشمال - الكورة,صيدلية ريما - كفرصارون,,03/745906; 06/953906
الشمال - الكورة,صيدلية شحادة - كفرعقا,,03/205898; 06/955898
الشمال - الكورة,عطيه - كفرصارون,,03/749291; 06/952500
الشمال - الكورة,قحات - Belmont Pharmacy,FIH AL KOURA AWAD SEMAAN GROUND FLOOR,06/933604; 03/742476
الشمال - الكورة,قطريب - راس مسقا,MAIN ROAD ST.MERRY,03/394532; 06/415543
الشمال - الكورة,م.ج.نعمه - بشمرين - MJ. NEHME Pharmacy,بشمزين الشارع العام قرب بنك بيلوس ملك ليديا حداد عقار 472 القسم 15,03/080221; 06/931999
الشمال - الكورة,نعمة الجديدة - انفه,انفه-الطريق العام السودات بملكه عقار 2594,03/712950; 06/540305
الشمال - الكورة,نورترام - بطرام,بطرام-الشارع العام السهل ملك انيس طنوس عقار 801,06/930539; 03/384142; 03/839069
الشمال - المنية - الضنية,الاحمد - بخعون,بخعون-الشارع العام ملك ورثة احمد شاكر عقار 3,03/933711; 06/240208
الشمال - المنية - الضنية,الضنية - عاصون,عاصون-الشارع العام-الكثير-ملك ناهدة هاشم رفاعية عقار 6,03/901157; 06/490940
الشمال - المنية - الضنية,المنيه - منيه - PharmMira,منطقة المنية العقارية-مجي المخاصة-شارع الأوتسترداد - عقار رقم 2347-المحلين 4 و3 من الجهة الشرقية-ملك كامل الذهبي,76/137715; 76/494063
الشمال - المنية - الضنية,ديما فارم,المنية - أوتوستراد المنية / الضنية - ملك عماد مطر -,06/463860
الشمال - المنية - الضنية,سير الكبرى - المنيه الضنية,سير الضنية-ملك محمود ومصطفى فقت عقار 1330 -A-المنية-منطقة الحكر-طريق الثانوية-مشروع علم الدين - عقار 2616-المنية-بلوك,06/490441
الشمال - المنية - الضنية,صيدلية سنا - المنيه,المحل لجهة اليمين -ملك مصطفى علم الدين,06/462460; 71/011433
الشمال - المنية - الضنية,صيدلية غسان - بخعون - بخون-المنية,منطقة بخعون العقارية - عقار 811-كامل المخزن الغربي من البناء الغربي ملك علي رضوان,03/272332; 06/242260
الشمال - المنية - الضنية,صيدلية ماهر - دير عمار,دير عمار حي الطريق العام الشارع الرئيسي عقار 677 ملك محمد حسن ديب عيد,06/463600; 03/561589
الشمال - زغرتا,السلمة - مرياطة,مرياطة الشارع العام ملك محمد نزيه محمد كرامي عقار 5,71/712049; 06/255234
الشمال - زغرتا,الفواد - مجدليا زغترا,مجدليا عقار رقم 39 بلوك B مخزن رقم 42 ملك حيدر احمد غانم,76/035564; 06/391923
الشمال - زغرتا,ريمي فارم - Rimi Pharm,عشاش العقارية - عقار 466 المقسم 8 و9 ملك نينا شلهوب و روزلين فرح,70/649671; 06/255905
الشمال - زغرتا,زغترا الزاوية,زغترا-الثل ملك سايد معوض عقار 1081 مقسم A,03/797959; 06/660198
الشمال - زغرتا,سن بيتر - كرحاتا - زغترا,كرحاتا - الشارع العام عقار 943 و10 و9 و7 و6 و5 و4 و3 و2 و1ملك جوزف وانطوني رهب وسليمه سعاده وجوزيف ومارون دنيا,03/663234; 06/554000; 06/555656
الشمال - زغرتا,صيدلية سلامتي - علما,منطقة علما العقارية - العقار رقم 1045 - المحلين الثالث والرابع لجهة اليمين -ملك محمد الحلوان,06/685733
الشمال - زغرتا,صيدلية فارما زون - Pharma Zone,منطقة مغز الاحوال العقارية-المقسم 4-من العقار 270-ملك الياس العلم,06/510295; 71/298939
الشمال - زغرتا,صيدلية كير سنتر - قارماسي - عرجس,عرجس الطريق العام شارع زغترا اهدن عقار 168 ملك نديم مخايل كاميلوس,03/101063; 06/550655
الشمال - زغرتا,صيدلية وسام - ارده,منطقة أرده العقارية - العقار رقم 1928 - المقس 7 -ملك كميل المختفي,03/121031
الشمال - زغرتا,فارما ليا - كرم سدة,كرم سده - طريق عام اهدن زغترا - ملك نجيب ميشال انطون,70/292486; 06/595676
الشمال - زغرتا,مار شربل - عردات,عردات - حي وطى عردات عقار رقم 859 ملك جيسكار معتوق,06/666156; 70/782554
الشمال - زغرتا,مار يوحنا - زغترا,زغترامار يوحنا - الصليب ملك طنوس سعاده عقار 137,06/663197; 03/725557
الشمال - زغرتا,مجدليا -زغترا - Pharmacare,مجدليا -الفرق - الطريق العام - ملك محمد بكور,06/381007
الشمال - طرابلس,KALAJJEH صيدلية قلعجية بالسر Plus Pharmacy - طرابلس,منطقة بساتين طرابلس العقارية- العقار رقم 3617-كامل القسم4-ملك احمد كنيفاني,70/100320
الشمال - طرابلس,Yehya Pharmacy,منطقة بساتين الميناء العقارية العقار رقم 1253 - كامل القسم 7 -ملك عبد الفتاح المصري وشملين حنا محفوظ,70681178; 06/006020
الشمال - طرابلس,pharmacy,مراح السراح حي مراح السراح الشارع العام عقار 358 ملك محمود توفيق عالم,03/112629
الشمال - طرابلس,االعسر - طرابلس,طرابلس - القبة - مقابل جامع الوديع - بناية عامر عباس,06/391258
الشمال - طرابلس,االيمان - ابي سمراط - طرابلس,زيتون طرابلس حي ابي سمراء شارع البيان ملك وليد كمال الدين عقار 3/261,03/394254; 06/425978
الشمال - طرابلس,البسمة - طرابلس,طرابلس - المنا - البساتين بملكه عقار 1718 قسم 9,03773619; 06/200245
الشمال - طرابلس,الشيخ - طرابلس,طرابلس - عزمي - قبل المستشفى االسالمي شارع قاديشا بناية توم و غالييني عقار 554-81-91,03/239512; 06/435798
الشمال - طرابلس,الغانم - البساتين,طرابلس حي الضم والقرار شارع بساتين طرابلس ملك محمود ديب على عقار 3693,03/980477; 06/411764
الشمال - طرابلس,الفيحاء - الحدادين-طرابلس,طرابلس-ساحة النجمة-الحدادين ملك ياسمين عبد الرزاق علم الدين عقار 11,03/346103
الشمال - طرابلس,القلعة - الحديد - طرابلس,طرابلس - الحديد ملك نهى غنوم عقار 131 قسم 188,03/704600; 06/431090
الشمال - طرابلس,القلوم - القلمون,القلوم - الطريق العام - عبد المحيد علوان عقار 10,03/905591; 06/401211
الشمال - طرابلس,المصري - طرابلس,طرابلس منطقة التل رقم العقار 710 المقس 13 ملك زينه محمد الفوال,03/507520; 06/438258
الشمال - طرابلس,المنيء الضنيء - Kanj Pharmacy,مراح السريج - الطريق العام - ملك احمد كنج ديب,06/491757
الشمال - طرابلس,جودي - طرابلس,طرابلس - بساتين المينا - الشارع العام - ملك ساميه محمد زاهد,06/205557
الشمال - طرابلس,حجة - طرابلس,طرابلس - الشيخ جميل عدره - واره ديوان الشاطر حسن ملك علا حجة عقار 1479,03/201766; 06/612983
الشمال - طرابلس,حمره - طرابلس,طرابلس - كورنش رشيد كرامي - باب الحديد ملك حمزه Hamzeh,03/686981; 06/440136
الشمال - طرابلس,دير عمار - دير عمار,"شاعر المنتين عقار 382 قم 70, 70 - 69 قم 72",71/602006; 03/014244; 06/210890; 03/151560; 06/462306
الشمال - طرابلس,صيدلية أنس - زيتون طرابلس - طرابلس,منطقة زيتون طرابلس العقارية- عقار 6718-المقسم A4-ملك عوني هاجر,03/793758
الشمال - طرابلس,صيدلية البيسار - طرابلس,طرابلس-مملكه,06/614212; 71/602006; 03/014244; 06/210890
الشمال - طرابلس,صيدلية الضيا - البساتين,طرابلس-بساتين طرابلس-ملك نشابة عقار 8/202,03/336583; 06/220448
الشمال - طرابلس,صيدلية الفيحاء الميناء - الميناء,عقار رقم 610-من منطقة الميناء الثالثة عشر العقارية-القسم 5-الملك A -بملكه,03/238452; 06/385137
الشمال - طرابلس,صيدلية رستم - مراح السريح,طرابلس-زيتون طرابلس-شارع عبدالحميد الرافعي-ملك منذر البكري,03/613645; 06/600745
الشمال - طرابلس,صيدلية زين 3 - Pharmacie - زيتون,زيتون طرابلس العقارية القبة عقار رقم 4190 المقسم رقم 9 ملك فادي عبد السلام الحداد,03/613063; 06/409662
الشمال - طرابلس,صيدلية زينب - طاران,منطقة طاران العقارية - عقار رقم 829 كامل المخزن رقم 2 من جهة اليمين من البناء ملك جمال ديب,03/824257; 06/491250
الشمال - طرابلس,صيدلية صحتي Sehhaty,طرابلس-قرب المأوى-الحدادين ملك محمد مالك عبد الجواد الشيخ ابراهيم عقار 20 قسم 538,71/751357; 06/241821
الشمال - طرابلس,صيدلية علاوي - Pharmacie - السباتين,منطقة بساتين طرابلس العقارية-قسم S3-الطريق العام -ملك طراق كرامي,03/228122; 06/626000; 06/627000
الشمال - طرابلس,صيدلية علم - طرابلس,طرابلس-مملكه,06/442445
الشمال - طرابلس,صيدلية فارما جومانا - PHARMA,طرابلس-منطقة زيتون طرابلس العقارية-شارع المنار -المحل رقم 7-من العقار 6-705-ملك رامي شرقية,03/809480; 06/440470
الشمال - طرابلس,صيدلية كنج,طرابلس - التبائي - الزاهرة - ملك محمد مرقباوي عقار 21 - االقسام,06/423444
الشمال - طرابلس,صيدلية نادين - المعرض,طرابلس-مملكه,06/216818
الشمال - طرابلس,علم الدين - طرابلس,طرابلس-البولفار-مفرق الزاهرة-صربا ملك علم الدين عقار 1563/9,03/000046; 06/437000
الشمال - طرابلس,فارماسيتي - طرابلس,طرابلس-الميناء - اول اوتوستراد بيروت-بعد بنك البنائي الفرنسي-بنية الشتوي,03/317270; 06/600462
الشمال - طرابلس,كريمة - طرابلس,"طرابلس-الشيخ نديم الجسر-الصليب الاحمر دعمة وسليمان عقار 528 قسم 8 Floor, 5",06/424326
الشمال - طرابلس,كير اند كيور - طرابلس,طرابلس-بساتين طرابلس-ملك عمر احمدمروان منقاره,06/448110
الشمال - طرابلس,مجد - طرابلس,طرابلس-حي المنار-شارع المنار ابي سمرا-ملك محمد محمود توتنجي,03/420984; 06/601707
الشمال - طرابلس,مروان - طرابلس,طرابلس-بور سعيد-الينا ملك محمد الحصصي عقار 545,03/498035; 06/460002
الشمال - طرابلس,موسى - بحنين,بحنين الحي الاوتوستراد الشارع العام ملك سرايا عقار 41 القسم,76/387210; 06/433311
الشمال - عكار,DELTA دلتا فارماسي - البساتين - PHARMACY,البيساتين - الشارع الرئسي - عقار رقم 375 ملك مخول يوسف طنوس,03/445371; 06/350090
الشمال - عكار,New Sally Pharmacy - نيو - سالي - عكار,الدوسة و بغدادي - الطريق العام - ملك محمود محي الدين محمود,71/116941
الشمال - عكار,Pharmacie ST. ELIE - عقدت -,عندقت - حي الساحة - الطريق العام - ملك الياس طنوس البيطار,06/880939
الشمال - عكار,Pharmacie Zeniapharm - بقرزلا,بقرزل - الطريق العام - ملك هنري ماضي,76/542946; 06/805125
الشمال - عكار,Pharmacie Zeniapharm - بقرزلا,"منطقة الزواريب العقارية- عقار- الطريق العام-رقم العقار/6/ستة-الحمل الاول والثاني ملك شاهر محمود أسعد, 70/3",26/696922; 06/692247
الشمال - عكار,Pharmalife - عكار,القيبات - حي مرتمورة-الشارع العام - عقار 2718-المحلان الشمالي -ملك الشيخ جود وتوفيق وروئي عدو,71/762761; 26/350905
الشمال - عكار,Rami Pharm - صيدلية - رامي فارم,شمالا طريق عام البيرة-حلباوشرقا ورثة محمد النشار وجنوبا عبد الله النشار و غربا ورثة محمد عطوش وطريق عام داخلي - ملك حاتم النشار,03/307926
الشمال - عكار,البيرة - حلبا,حلبا طريق الجوحة ملك مسعود عقار 242,71/629395; 06/690433
الشمال - عكار,الرشيد - حلبا,حلبا- المنطقة العقارية حلبا عقار 1732 ملك محمود الحلبي,26/695705; 03/230454
الشمال - عكار,الرياض - حلبا,حلبا-الساحة-ملك رجاء نعيم عقار 229,03/416922; 26/691343
الشمال - عكار,السيدة - القيبات,القيبات-اوستوراد القيبات-حي الذوق الفوقاني-ملك حبيب مطاينوس كرم عقار 621,03/241073; 06/350259
الشمال - عكار,الهدى - حلبا,"Jamal Abdul Nasser Street, Corniche El Mina, next to yamani cafe",76/433433; 06/211113
الشمال - عكار,بالين - بينين - بينين,بينين الشارع العام ملك محمد عبد الغني سبسي وسهام مصطفى هزيم عقار 426 المخزن رقم 4,70/401112; 06/471051
الشمال - عكار,حازم - البساتين,البلستين - الشارع الرئسي - عقار رقم A/4/469 ملك ذوقان عارف رافع,05/412778
الشمال - عكار,سالي - ديردوم,دير دلوم- الطريق العام-ملك نوفل,06/825709
الشمال - عكار,صيدلية البدوي - القبيات,المقيم - عقار - الطريق العام - ملك محمد محمد خضر,76/109517
الشمال - عكار,صيدلية الحديقة - عقار,عندقت - حي الوطي - الطريق العام - عقار غير ممسوح - ملك فؤاد غصن,03/519763
الشمال - عكار,صيدلية السهل - مقيم,"منطقة المحمرة العقارية-منطقة غرق البياضه-المخزن رقم 10-الواقع بعد الساقية - باتجاه العبده عقار - ملك عبد الرحمن ضاهر, A1 Salah",03/386870
الشمال - عكار,صيدلية حبيب - عقار,منيارة الطريق العام عقار 73 القسم 7 بلوك A ملك محمد عصمت احمد اليوسف,03/690324; 06/690324
الشمال - عكار,صيدلية حنان-حلبا,"منطقة حلبا العقارية-قضاء عقار-العقار رقم 765-المحلين 4و3, ملك رجاح جميل ايوب وجهاد ومروى وفادي جيمس رجاح ايوب",03/180133
الشمال - عكار,صيدلية رائد - برقابل,برقابل الطريق العام عقار 1224 ملك رفيق ونجاح محمد السايس,03/071686; 06/370777
الشمال - عكار,صيدلية شكور - حلبا,منطقة حلبا العقارية-العقار رقم 21-المحلين المواجهين للطريق العاممك محمدية سعيد الزغبي,26/696788
الشمال - عكار,صيدلية طه علم الدين - عكار,منطقة المحمرة العقارية-حي الاوستوراد-عقار 102 - كامل المخزن السابع-ملك محمد فراشي,70/074554; 06/472113
الشمال - عكار,صيدلية مستقل - عكار,halba-quobayet RD jahjah first floor,06/830712; 03/113948
الشمال - عكار,صيدلية نيو حلبا - حلبا,حلبا عقار 1660 ملك محمد واحد وكمال الحسن,03/654718; 26/695103
الشمال - عكار,مشمش - مشمش,مشمش الشارع العام ملك ناصر محمد ناصر,71/622790; 06/895667
النبطية - النبطية,Pharm Bee - النبطية,كفرتبين-العقار رقم 8-ملك هيثم فقيه,03/575439
النبطية - النبطية,Pharmacie Samer,الشرقية-حي سيره القلع-الشارع العام-العقار رقم 2200-المحلين الأول والثاني من الجهة الشرقية من البناء A-ملك بلال منتش,76/109782
النبطية - النبطية,ابن سينا - النبطية,النبطية طريق عام النبطية زيدين - عقار رقم 3623 القسم 7 ملك رانيا برجاوي ومحمد حيدر,07/764391; 03/894334
النبطية - النبطية,الأمير - جشيت,جشيت-حي السوقة -شارع السوقة - عقار رقم 2577 -ملك حسن علي بهجة,07/512556; 71/307378
النبطية - النبطية,الإقليم - عين قنا,عين قنا-حي الرئيسي-الشارع العام-ملك علي عبدالله يونس,07/211722; 03/714815
النبطية - النبطية,البنول - دير الزهراني,دير الزهراني - حي كرم السلطانية - الشارع العام - عقار رقم 33-ملك انصاف حسن بدران,71/116334; 07/531075
النبطية - النبطية,الحاج علي - النبطية,النبطية - التحتاً شارع سوق اللحم ملك ورثة عبد الرؤوف قديج عقار 1624,70/743949
النبطية - النبطية,الريف - كفرصير,كفرصير -كفرصير شارع العام ملك زهاد حسين جفال عقار 1593,03/045332; 07/540437
النبطية - النبطية,السالم النبطية - النبطية,النبطية - اوستوراد نبيه بري عقار رقم 3729 -الاقسام 7و6و5 ملكه 9و8 ملك علي كحيل جادة نبيه بري,03/760292; 07/769446
النبطية - النبطية,بسام - النبطية,النبطية - تلة كفرجوز - الطريق العام-ملك رفيق بيطار,07/533204
النبطية - النبطية,بيسان - النبطية,بئر القنديل البركة ملك حبيبة حرب عقار 975,03/371937; 07/762718
النبطية - النبطية,رامي - مزرعة كفر جوز,منطقة النبطية / كفر جوز حي كفر جوز ملك علي الحاج علي عقار 931/محل رقم 3,03/349071; 07/530689
النبطية - النبطية,سليم - النبطية التحتا,النبطية التحتاً حي خلة الهواء شارع الجزائر عقار رقم 2373 ملك ورثة المرحوم محمد نجيب صباغ,71/858333; 07/769963
النبطية - النبطية,صيدلية الاميري - كفرمان,كفرمان عقار رقم A/157 و9 و10 و13 و10 ملكه,03/031006
النبطية - النبطية,صيدلية العين - حومين الفوقا,حومين الفوقا عقار رقم 422 ملك بهيج محمد شريم,70/955649; 07/520309
النبطية - النبطية,صيدلية دانا - كفرمان,كفرمان عقار رقم 1277 ملك محمد راسم أحمد الأمين - حي البيدر,03/694801; 07/762627
النبطية - النبطية,صيدلية علي - الدور - النبطية,منطقة الدور العقارية - القسم 7-بلوك A-ملك نمر وعلوان عياش,03788249
النبطية - النبطية,عرب-صالم - Pharmarabi,PHARMA RABIH PHARMACY LABANAH HOUSSAM SHAMSDDINE,07535835; 03/638320
النبطية - النبطية,فارما فيل - النبطية,النبطية حي الميدان شارع الميدان عقار 1546 ملك علي ناصر الدين,71/415747; 07/769524
النبطية - النبطية,ليال - ارون,ارون - مدخل ارون - ملك حسين احمد فقيه,71/168797; 07/571120
النبطية - النبطية,نور - حي البياض,جناتا - حي البياض - الشارع العام - عقار رقم 306 ملك عماد عبد الرؤف سليمان,07/400349; 81/998518
النبطية - بنت جبيل,بيضون,بنت جبيل حي اللوكس شارع التختاني عقار غير ممسوح ملك أمين عبد الأمير,03/647114; 27/452270
النبطية - بنت جبيل,جبل عامل - تبنين,تبنين حي الكسار طريق تبنين حاريص على ثلاث محلات على العقار 602 ملك مصطفى محمد حسين فواز,71/760994; 07/325115
النبطية - بنت جبيل,روان - عيتا الشعب,عيتا الشعب الشارع العام ملك محمد خليل باخوق عقار غير مفرز,03/736012; 07/465275
النبطية - بنت جبيل,صيدلية الأطباء رميض Doctors,صيدلية الأطباء رميض,79/135841
النبطية - بنت جبيل,صيدلية التجلي - رميض,رميض محلة القرط عقار غير ممسوح بملكه,03/138540; 07/471473
النبطية - بنت جبيل,صيدلية الزهراء - تبنين,تبنين حي التختاني - الشارع العام - عقار رقم 1785 ملك احمد فواز,70/740681; 70/089744; 07/325315
النبطية - بنت جبيل,صيدلية حداثا - حداثا,منطقة حداثا العقارية - شارع النعمة - العقار رقم 832 -المحل الثاني من جهة الغرب - ملك محمد رشيد,76/634530
النبطية - حاصبيا,Carla's Pharma - حاصبيا,حاصبيا - حي السلام - طريق عام حاصبيا - ملك فؤاد و محمود زويهد,07/551507
النبطية - حاصبيا,Pharmacare - حاصبيا,حاصبيا - حصيفا - عقار رقم 1220- ملك نبيل انيس وهب,07/550835
النبطية - مرجعيون,Yara Pharm - مرجعيون,مرجعيون - Yara Pharm - الطبيعة - الحي الشرقى / طريق عام الطبيعة - عقد - عقد عام الطبيعة - ملك محمد طالب عطوي,07/850344
النبطية - مرجعيون,الرضى - الصوانة,الصوانة العقارية محلة مترابح ظهر البركة الشارع العام عقار غير ممسوح ملكراضي حسن بصل,03/755879; 07/365502
النبطية - مرجعيون,الفرح - مرجعيون,جديدة مرجعيون البولفار السريا ملك جان عبال عقار 897,03/249453; 07/830058
النبطية - مرجعيون,جورجينا نعمة هللا - مرجعيون,جديدة مرجعيون عقار رقم 1091 - ملك الكرم عساف,03/638565; 70/425201
النبطية - مرجعيون,سان رايز - ميس,ميس - مرجعيون - حي ابوصبح - الطريق العام - ملك اميل حسين ابو سعد,07/556406
النبطية - مرجعيون,صيدلية القونى - مرجعيون,حي الساحة العامة - الشارع العام - عقار رقم 43 - ملك الشيخ علي ياسين,07365007
النبطية - مرجعيون,صيدلية زهير - حاصبيا,منطقة حاصبيا العقارية - عقار 1078- المحلين في الجهة الشمالية - ملك نبيل فايز,03/056067; 07/551517
النبطية - مرجعيون,علاء فارم Alaa - الخيام,منطقة الخيام العقارية - عقار 1444 - المحل في الجهة الجنوبية ملك حسن أبو سمره,07/840056; 03/844023
النبطية - مرجعيون,عليا - جديدة مرجعيون,جديدة مرجعيون العقارية - الشارع العام - عقار رقم 2251 - المحل الثاني والثالث,07/831506; 03/489506
النبطية - مرجعيون,منصور - الطبيعة - مرجعيون,"الطبيعة - حي بستان ابونصور - طريق عام ""الطبيعة - ديرسريان"" - رقم متسلسل 343",07/850720; 03/843376
النبطية - مرجعيون,ناصر - مرجعيون,النبطية - حي الميدان - طريق مرجعيون - ملك ورثة المرجوم محمد علي ياسين,07/760336
الهرمل,الشفاء - الهرمل,الهرمل-الدورة ملك اليتامى عقار 1612,08/201166; 03/506298
الهرمل,وسيم - الهرمل,الهرمل حي المعالي الشارع العام عقار رقم 2 المعالي الهرمل ملك احمد محمود عرار,08/201456; 03/796136
بعلبك,ابن رشد - سرعين الفوقا,سرعين الفوقا- اوتوستراد رياق/ بعلبك- الطريق العام- ملك هشام عبدالله,08/921946
بعلبك,الباسمة الرويسات - الجديدة,منطقة رويسات الجديدة العقارية عقار رقم 798 ملك قطايا,01/876139; 70/655396
بعلبك,الحسن - قصرنبا,قصرنبا-الشارع العام ملك حسن الديراني عقار 196 قسم 5,70/624172; 08/911636
بعلبك,الزهراء الطبيه - بعلبك,بعلبك عقار رقم 449-بعلبك-محلين من الجهة الغربية-ملك حسين يونس,78/982220
بعلبك,السلام-تمنين - تمنين التحتا,تمنين التحتا حي الحميري علي صالح ضاهر الطابق الارضي,08/910754; 03/466796
بعلبك,الشمس - المعلقة,المعلقة اراضي الشارع العام عقار 28 معلقة اراضي قسم 6-7 A ملك ابراهيم رفيق الحاوي,76/931078; 70/931078; 08/931078
بعلبك,الطوارئ الجديدة - دورس,دروس بعلبك حي مفرق التعاضد الشارع العام مقابل محطة الجبلي ملك حسين حسن الحسيني عقار رقم 2363,08/372879; 03/703857
بعلبك,المصري - بعلبك,بعلبك-طريق حمص-الشراونة-ملك علي زغيب عقار 737,08/373631; 03/641373
بعلبك,النور - بعلبك,بعلبك-ساحة السراي ملك الحاجة مرتضى عقار 3407,08/374494; 03/395618
بعلبك,ايعات فارم - ايعات,ايعات- ملك اميمه علي زعيتر,76/188827
بعلبك,بريتال - Pharmacy Adam,منطقة بريتال-الطريق العام-العقار رقم 271-المحل الاول والثاني من الجهة الجنوبية ملك عباس جعفر,70/337695
بعلبك,بعلبك - PHARMA DIAB,بعلبك -حي العسيره -الشارع العام -عقار رقم 5676 -ملك سعيد احمد الاحمر,08/377525
بعلبك,جاد الطبية - بعلبك,بعلبك- حي الشيقان- طريق نحلة- ملك ورثة محمود حسين شرف,71/566877
بعلبك,جعفر - النبي شيت,النبي شيت حي الخانوق الشارع العام عقار رقم 3101 ملك علي محمد شكر,08/335393; 70/628892
بعلبك,حنان الطبية - دورس,دورس- شارع الكيال- ملك نجوى عباس جعفر,70/567082
بعلبك,رامز الجديدة - اللبوه,عقار رقم 207/اللبوة والذين يحدها من الشرق الطريق الدولي بعلبك الهرمل -حي الدوحة-الطريق العام-ملك رامز عمار,70/034904
بعلبك,زينة - العين,العين-حي التين -شارع فرعي -عقار رقم 494 العين-ملك خليل محمد حوري,71/714244
بعلبك,سامر - سرعين الفوقا,سرعين الفوقا حي المعصرة الشارع العام عقار رقم 1271 ملك فخري دعاس عبدالله,70/127725
بعلبك,صيدلية الساحلي الطبية - بعلبك,بعلبك-كميل شمعون-حي اليسار ملك عباس حمد احمد قاسم عقار 1914,03/896115; 71/528443
بعلبك,صيدلية العاشق - النبي عثمان,النبي عثمان حي الدورة الطريق العام ملك حسن عباس نزها عقار 882,08/234636; 70/934636
بعلبك,صيدلية الهادي الطبية - بعلبك,بعلبك الحي النبي انعام الشارع الشيخ حبيب عقار 558 ملك علي جميل رستم عبد الساتر,08/370419; 70/370149
بعلبك,صيدلية براءة pharmacy Baraa - بعلبك,بعلبك حي العسيرة -وادي السيل -عقار رقم 252 ملك اميرة خليل مرعي,03/064343
بعلبك,صيدلية دروس الطبية Doures Medical Pharmacy - دورس,دروس حي عب القبه شارع مدخل دروس عقار رقم 2403 ملك علي غازي الفيتروني و محمد غازي الفيتروني,76/596264; 08/377688; 03/593937
بعلبك,صيدلية سحر الطبية - تمنين الفوقا,تمنين الفوقا-العقار رقم 1758-المحلين من الجهة الجنوبية الشرقية-ملك نهاد مرتضى,81/303309
بعلبك,صيدلية سوزان - عرسال,عقار رقم 1243-عرسال الحي الشمالي-ملك علي زعرور,71/995741; 70224099
بعلبك,صيدلية سومر - النبي عثمان,النبي عثمان حي الزرابة الطريق العام عقار 405 ملك محمود مصطفى العاشق,28/234567; 76/506789
بعلبك,صيدلية فارما فيدا PHARMA VIDA - بعلبك,بعلبك-حي راس العين-شارع عمشكه-عقار 6679-ملك حيدر مرتضى,03/477907
بعلبك,صيدلية فارماستي PHARMACITY - اللبوه,Bekaa baalbeck laboue main street pharmacity ground floor,70/879579
بعلبك,صيدلية قصرنبا QSARNABA PHARMACY - قصرنبا,المنطقة العقارية قصرنبا-عقار رقم 165-ملك منتهى عباس التويني,08/910019; 03/794364
بعلبك,صيدلية مالك الحسيني - بعلبك,منطقة سرعين العقارية-العقار رقم 471-المحل الاخير لجهة الشمال-ملك محمد وعلي مبارك,03/763378
بعلبك,صيدلية مالك الطبية Malak Medical - تمنين التحتا,تمنين التحتا-حي السعيدة -الطريق العام -العقار رقم 715-المحل الاول من الجهة الشمالية ملك السيد هيثم وكمال السيد قاسم,76/127725
بعلبك,صيدلية مراد الطبية - تمنين التحتا,منطقة تمنين التحتا العقارية - قضاء بعلبك - اوتوستراد رياق - بعلبك - المحل الخامس من الجهة الغربية من البناء الغربي - رقم العقار 2027,71/890979
بعلبك,صيدلية مرام - بعلبك,منطقة بعلبك العقارية - قضاء بعلبك - رقم العقار 6279 - محل من الجهة الجنوبية - ملك محمود فضل الله زين الدين,76/773321
بعلبك,صيدلية ملحم - حي الصلح بعلبك,بعلبك حي الصلح طريق نحلة عقار 348 ملك علي دوخي صلح,70/415335; 03/010917
بعلبك,صيدلية منار - اللبوه,اللبوة حي الروضة الطريق الدولي عقار 333 ملك يوسف دعاس خليل,70/977040; 08/230184
بعلبك,صيلي الجديدة-نيو,الجديدة ملكه عقار 1100 قسمين 2 و 16,03/690300; 01/889300; 01/872757
بعلبك,عرسال - Pharmacy Medicap,عرسال- طبق الورد- الشارع العام- ملك احمد عبدالغني الحجيري,76/178332
بعلبك,غسان - بعلبك,بعلبك-ملك زكي الخرفان عقار 2875,03/310960; 08/370320
بعلبك,فارما أوليفيا OLIVIA PHARMA - دورس,دروس --عقار رقم 1587 الجهة الجنوبية - ملك طلال اللقيس,08/377340; 03/126202
بعلبك,فارما بيلا - دورس Pharma Bella,دورس- اوتوستراد رياق / بعلبك- ملك حسين خطار الاحمر,08/374393
بعلبك,ملك الطبية - حوش الرافقة,حوش الرافقة- حي الخليج- الطريق العام- ملك علي يزبك و حسن ابوعيد,70/864632
بعلبك,نبيل - الفاكهة,الفاكهة -حي الزيتون -طريق عام بعلبك -حمص -ملك جورج ديب اللقيس,28/325611
بعلبك,وسام - المعلقة,المعلقة-الشارع العام الكرك على القسم 3 ملك غسان سهلب والقسم 4 و 5 من نفس العقار 2333 في المعلقة اراضي بملكه,08/930926; 03/276549
بعلبك,وسيم - سرعين الفوقا,سرعين الشارع العام ملك محمود ابراهيم عبدالله عقار 1542,08/335771; 70/271971
بعلبك الهرمل - بعلبك,Adam Pharmacy - بريتال,منطقة بريتال - الطريق العام - العقار رقم 271 - المحل الأول والثاني من الجهة الجنوبية,70/337695
بعلبك الهرمل - بعلبك,Baraa pharmacy,بعليك حي العسيرة - وادي السيل - عقار رقم 252 ملك اميرة خليل مرعي,03/064343
بعلبك الهرمل - بعلبك,DIAB PHARMA,بعلبك - DIAB PHARMA - ملك عباس جعفر,08/377525
بعلبك الهرمل - بعلبك,Dourses- صيدلية دروس الطبيعة - Medical Pharmacy,دروس حي عب الفبه ارع مدخل دروس عقار رقم 2403 ملك علي غازي الفينتروني و محمد غازي الفينتروني,76/596264; 08/377688; 03/593937
بعلبك الهرمل - بعلبك,Medicap Pharmacy - عرسال,عرسال - طبق الورد - الشارع العام - ملك احمد عبدالغني الحجيري,76/178332
بعلبك الهرمل - بعلبك,PHARMA OLIVIA- فارما أوليفيا,دروس - عقار رقم 1587 الجهة الجنوبية - ملك طالل القيس,08/377340; 03/126202
بعلبك الهرمل - بعلبك,PHARMA-صيدلية فارما قينا-,بعليك-حي راس العين-شارع عشك-عقار 6769-ملك حيدر مرتضى,03/477907
بعلبك الهرمل - بعلبك,PHARMACITY-صيدلية فارماسني,"Bekaa, baalbek, laboue, main street, pharmacy",70/879579
بعلبك الهرمل - بعلبك,Pharma - فارما بيلا - دورس - Bella,دروس - اووتسترد رايق / بعليك- ملك حسين خطار االحمر,08/374393
بعلبك الهرمل - بعلبك,QSARNABA-صيدلية قصربا,المنطقة العقارية قصربا-عقار رقم 165-ملك منتهى عباس التوني,03/794364; 08/910019
بعلبك الهرمل - بعلبك,ابعات فارم - ابعات,ابعات-ملك اميمه علي زعير,76/188827
بعلبك الهرمل - بعلبك,ابن رشد - سريعين الفوقا,سريعين الفوقا - اوستوراد رياق / بعلبك - الطريق العام - ملك هشام عبدالله,08/921946
بعلبك الهرمل - بعلبك,الباسمة الرويستات - الجديدة,منطقة رويستات الجديدة العقارية عقار رقم 798 ملك قطايا,70/655396; 01/876139
بعلبك الهرمل - بعلبك,الحسن - قصربنا,قصربنا-الشارع العام ملك حسن الديناري عقار 196 قسم 5,08/911636; 70/624172
بعلبك الهرمل - بعلبك,الزهراء الطبيعة - بعلبك,بعلبك عقار رقم 449 - بعلبك - محلين من الجهة الغربية - ملك حسين يونس,78/982220
بعلبك الهرمل - بعلبك,السالم - تمين التحتا,تمين التحتا حي الحميري علي صالح ضاهر الطابق الارضى,03/466796; 08/910754
بعلبك الهرمل - بعلبك,الشفاء - الهرمل,الهرمل - الدورة ملك التبامى عقار 1612,03/506298; 08/201166
بعلبك الهرمل - بعلبك,الشمس - المعلقة,المعلقة اراضي الشارع العام عقار 28 معلقة اراضي قسم 6 - 7-ملك ابراهيم,76/931078; 70/931078; 08/931078
بعلبك الهرمل - بعلبك,الطوارىء الجديدة - دروس,دروس بعليك حي مفرق التعاضد الشارع العام مقابل محطة الجبلي ملك حسين حسن الحسيني عقار رقم 2363 في دروس,03/703857; 08/372879
بعلبك الهرمل - بعلبك,المصري - بعليك,بعليك-طريق حصص-الشراونة-ملك علي زغيب عقار 737,03/641373; 08/373631
بعلبك الهرمل - بعلبك,النور - بعليك,بعليك-ساحة السراي ملك الحاجة مرتضى عقار 3407,03/395618; 08/374494
بعلبك الهرمل - بعلبك,جاد الطبيعة - بعليك,بعليك-حي الشيقان- طريق نحلة-ملك ورثة محمود حسين شرف,71/566877
بعلبك الهرمل - بعلبك,جعفر - النبي شيت,النبي شيت حي الخانوق الشارع العام عقار رقم 3101 ملك على محمد شكر,70/628892; 08/335393
بعلبك الهرمل - بعلبك,حنان الطبيعة - دورس,دورس-شارع الكيال-ملك نجوى عباس جعفر,70/567082
بعلبك الهرمل - بعلبك,رامز الجديدة - اللبوة,العقار رقم 207/اللبوة والثين يحدها من الشرق الطريق الدولي بعليك الهرمل حي الدوحة-الطريق العام-ملك رامز عمار,70/034904
بعلبك الهرمل - بعلبك,زينة - العين,العين-حي التين -شارع فرعي - عقار رقم 494-العين-ملك خليل محمد جوري,71/714244
بعلبك الهرمل - بعلبك,سامر - سرعين الفوقا,سرعين الفوقا حي المعصرة الشارع العام عقار رقم 1271 ملك فخري دعاس عبدالله,70/127725
بعلبك الهرمل - بعلبك,صيدلية الساحلي الطبية-بعليك,بعليك-كيمل شمعون-حي اليسارملك عباس محمداحمد قاسم عقار 1914,03/896115; 71/528443
بعلبك الهرمل - بعلبك,صيدلية العاشق - النبى عثمان,النبى عثمان حي الدورة الطريق العام ملك حسن عباس نزها عقار 882,70/934636; 08/234636
بعلبك الهرمل - بعلبك,صيدلية الهادي الطبية - بعليك,بعليك الحي النبي انعام الشارع الشيخ حبيب عقار 558 ملك على جميل رستم عبد السائر,70/370149; 08/370419
بعلبك الهرمل - بعلبك,صيدلية سحر الطبية - تمنين الفوقا,تمنين الفوقا-العقار رقم 1758-المحلين من الجهة الجنوبية الشرقية-مملك نهاد مرتضي,81/303309
بعلبك الهرمل - بعلبك,صيدلية سوزان - عرسال,عقار رقم 1423-عرسال الحي الشمالي-ملك على زعور,70224099; 71/995741
بعلبك الهرمل - بعلبك,صيدلية سومر - النبى عثمان,النبى عثمان حي الزرابة الطريق العام عقار 405 ملك محمود مصطفى العاشق,76/506789; 28/234567
بعلبك الهرمل - بعلبك,صيدلية مراد الطبيعة - تمنين التحتة,منطقة تمنين التحتة العقارية - قضاء بعليك - اووتسترد رايق - بعليك - المحل الخامس من الجهة الغربية من البناء الغربي - رقم العقار 2027 - ملك حسين,71/890979
بعلبك الهرمل - بعلبك,صيدلية مرام - بعليك - بعليك,منطقة بعليك العقارية - قضاء بعليك - رقم العقار 6279 - محل من الجهة الجنوبية - ملك محمود فضل الله زين الدين,76/773321
بعلبك الهرمل - بعلبك,صيدلية ملاك الحسيني - بعليك,منطقة سرعين العقارية-العقار رقم 471-المحل الاخير لجهة الشمال-ملك محمد وعلى مبارك,03/763378
بعلبك الهرمل - بعلبك,صيدلية ملاك الطبية Malak Medical - تمنين التحتا,تمنين التحتاحي السعيدة - الطريق العام - العقار رقم 715-المحل الأول من الجهة الشمالية ملك السيد هيثم وكمال السيد قاسم,76/127725
بعلبك الهرمل - بعلبك,صيدلية ملحم - حي الصلح,بعليك حي الصلح طريق نحلة عقار 348 ملك على دوخي صلح,03/010917; 70/415335
بعلبك الهرمل - بعلبك,صيدلية منار - اللبوه,اللبوة حي الروضة الطريق الدولي عقار 333 ملك يوسف داس خليل,70/977040; 08/230184
بعلبك الهرمل - بعلبك,صيلي,الجديدة-نيو جديدة ملكه عقار 1100 قسمين 2 و 16,03/690300; 01/889300; 01/872757
بعلبك الهرمل - بعلبك,غسان - بعليك,بعليك-ملك زكي الخرفان عقار 2875,08/370320; 03/310960
بعلبك الهرمل - بعلبك,ملك الطبية - حوش الرافقة,حوش الرافقة - حي الخليج - الطريق العام - ملك على يزبك و حسن ابوعيد,70/864632
بعلبك الهرمل - بعلبك,نبيل - الفاكهة,الفاكهة -حي الزيتون -طريق عام بعليك -حمس -ملك جورج ديب القيسن,28/325611
بعلبك الهرمل - بعلبك,وسام - المعلقة,المعلقة-الشارع العام الكرك على القسم 2333 في المعلقة اراضي بملكه-من نفس 5 و 4 ملك غسان سهلب والقسم 3,03/276549; 08/930926
بعلبك الهرمل - بعلبك,وسيم - الهرمل,الهرمل حي المعالي الشارع العام عقار رقم 2 المعالي الهرمل ملك احمد محمود,03/796136; 08/201456
بعلبك الهرمل - بعلبك,وسيم - سرعين الفوقا,سرعين الشارع العام ملك محمود ابراهيم عبدالله عقار 1542,70/271971; 08/335771
بيروت,LIGHT HOUSE PHARMACY راس بيروت,راس بيروت-عرداتي المنارة ملك لبابيدي رقم العقار 1781,03/552811; 01/740753; 01/740754
بيروت,Pharmacie du Musée - صيدلية المتحف,بيروت -المتحف عقار 4/4420A ملك رامز وكميل سلامه,70/834404; 01/615823; 01/615963
بيروت,Sacré Coeur - الصيفي بيروت,منطقة الصيفي العقارية-عقار رقم 498-القسم 4-بملكها,01/571385
بيروت,أمن الدولة,General Directorate of Lebanese State Security Jnah near Khatib and Alami,71/924745
بيروت,الاشرفية - الاشرفيه بيروت,الاشرفية-اديب اسحق ملك اسبيرو وحايك رقم العقار 406/4,03/321258; 01/202107; 01/321258
بيروت,الاونيون - بيروت,بيروت- شارع اوستراليا-الروشة-حي شوران-العقار 28743 قسم 3,03/135841; 01/806166
بيروت,البستاني - بيروت,بيروت-سامي الصلح-البارك ملك الخارقي رقم العقار 5227,01/381616; 03/333642
بيروت,الجعيتاوي - الاشرفيه بيروت,الاشرفية-مستشفى الروم ملك مطرانية الارمن رقم العقار 921,03/433445; 01/581671; 01/581627
بيروت,الحشاش - الاشرفيه بيروت,الاشرفية-مستشفى الروم ملك نجيب ووديع الخطيب رقم العقار 1442,01/585011; 01/585005; 03/638323
بيروت,الحوت - المصيطبة بيروت,المصيطبة-وطى المصيطبة ملك الزهيري عقار 3484,01/816405
بيروت,الدامرجي,منطقة الباشورة العقارية عقار رقم 1254-القسم 7-بلوك A-بملكه,01/660272
بيروت,السمرلاند - المصيطبة بيروت,منطقة المصيطبة العقارية ملك شركة فلورا عقار 4002 كامل القسم 4,01/853215; 03/613016
بيروت,الشرق - راس بيروت,راس بيروت-عبد العزيز-مكتبي رقم العقار 465,01/344979; 03/617516
بيروت,الشعار - بيروت,بيروت- راس النبع- بملكه,01/633222
بيروت,الشعار عيتاني - المصيطبة بيروت,بيروت حي الرملة البيضاء شارع فريد طراد رقم العقار 1574,03/019911; 01/798898; 01/798897
بيروت,الصيفي - الصيفي بيروت,منطقة الصيفي -عقار رقم 1053-القسم OC1(4C) ملك الشركة اللبنانية,01/988588; 03/090700
بيروت,الطبية MEDICALE - راس النبع,بيروت حي راس النبع الشارع دوناماريا رقم الشارع 83 ملك احمد وخالد ابراهيم الحاج عقار 651,01/646420; 78/839520
بيروت,العدلية - الاشرفيه بيروت,الاشرفية-الفرد نقاش ملك امال تابت رقم العقار 4634,01/422900; 03/235577
بيروت,القاضي - المصيطبة بيروت,بيروت المصيطبة شارع بن زياد ملك الغفور والعكش رقم العقار 4742/6,01/365286; 81/770025
بيروت,الكسندر - الاشرفيه بيروت,الاشرفية-اديب اسحق ملك جيزال كفوري رقم العقار 463,03/655422; 01/333807; 01/200498
بيروت,اللبان الجديدة - الحمراء,الحمراء-فردان-حبيب سرور ملك عزت شكري رقم العقار 1344,03/453387; 01/812424; 01/810214
بيروت,الما - زقاق البلاط بيروت,بيروت-بطرس البستاني-زقاق البلاط ملك جواد رقم العقار 285,01/377041; 03/948341
بيروت,المجذوب - بيروت,بيروت- المزرعة - الطريق الجديدة- شارع الحوري- بناية الصانع,01/856757
بيروت,المدينة - راس بيروت,بيروت حي راس بيروت شارع الحمراء رقم العقار 397,03/278074; 01/343043; 01/349349
بيروت,الوردية - راس بيروت,راس بيروت-المعماري-الحمراء ملك حسين وحبيب الشاعر رقم العقار 1435,03/179757; 70/746989; 03/393485
بيروت,الوف - المزرعة بيروت,بيروت- المزرعة شارع بدارو رقم العقار 8/5101 ملك سامي الوف,01/382082; 03/830949
بيروت,اوتيل ديو - الاشرفيه بيروت,صيدلية اوتيل ديو الاشرفية - شارع اوتيل ديو ملك ورثة توماس كاليبينسو - رقم العقار 1005,76/322300; 01/426760; 01/614760
بيروت,ايمان - المصيطبة بيروت,المصيطبة-اني رشد-عائشة بكار بناية منتهى سليم محمد رقم العقار 328,01/813421; 03/601220
بيروت,ايوب - بيروت,بيروت-البسطا التحتا ملك العكش والتيناوي رقم العقار 206/9,01/658825; 03/798025
بيروت,بوشي - الاشرفيه بيروت,الاشرفية-جادة الاستقلال سنتر كنيسة السيدة للروم رقم العقار 522,03/693750; 01/337360; 01/337366
بيروت,جلول - المزرعة بيروت,المزرعة-بربور ملك شبارو رقم العقار 485 القسم 10و7,01/702700; 03/201106
بيروت,حبيب - الاشرفيه بيروت,الاشرفية-عبد الوهاب الانكليزي ملك ورثة جورج جبيب رقم العقار 1208,03918278; 03/374317; 01/336802
بيروت,حجار - الاشرفيه بيروت,الاشرفية-شارع جنينة اليسوعية-حي الرميل بناية حجار رقم العقار 2221,01/584125; 70/155056
بيروت,دارين فارماسي - المصيطبة بيروت,المصيطبة-البستاني-وطى المصيطبة ملك راشد صعب رقم العقار 3209/8,03/493021; 01/816528
بيروت,رأس بيروت - راس بيروت,بيروت-الحسين-رأس بيروت-السادات ملك جواد ابراهيم رضا رقم العقار 2848/2,03/181778; 01/788383; 01/869830
بيروت,راديو - الاشرفيه بيروت,الاشرفية -شارع مار لويس - منطقة الشحروري - ملك عبده جورج غية,03/693750; 01/331137; 01/328512
بيروت,رزق - الاشرفيه بيروت,الاشرفية-شارع اديب اسحق ملك سامي الياس رزق رقم العقار 2425,01/615039; 03/315039
بيروت,روال - بيروت,بيروت-محي الدين العربي-برج ابي حيدر ملك منيمنة رقم العقار 2147,01/658468; 03/655043
بيروت,سان جورج - الاشرفيه بيروت,الاشرفية الرميل مستشفى الروم سماحة ملك ورثة المرحوم فؤاد اسعد رافع عقار 2/2182,01/582997; 03/835183
بيروت,سبيرز - المصيطبة بيروت,spears street union bldg,01/753420; 70/824055
بيروت,سيف الدين - طريق الجديدة بيروت,الطريق الجديدة-لبس المقاصد رقم العقار 3132 القسم 12,01/819190; 76706861
بيروت,شهاب - الباشورة بيروت,بيروت-حي الباشورة -شارع البسطة-عقار 1107/الباشورة,01/663600; 01/658625
بيروت,صيدلية الاونسكو UNESCO PHARMACY - المصيطبة بيروت,منطقة المصيطبة العقارية-المحلين في العقار رقم 4235-ملك شركة 4235 العقارية,03/607462
بيروت,صيدلية الجمال - المزرعة بيروت,شارع كورنش المزرعه -منطقة المزرعة العقارية عقار 421 القسمين 4و5,01/303365; 70/664124
بيروت,صيدلية الصحة - زقاق البلاط بيروت,بيروت- منطقة زقاق البلاط العقارية رقم العقار 371 القسم 8 بملكه,01/651391; 03/321524
بيروت,صيدلية اليسار - زقاق البلاط بيروت,منطقة زقاق البلاط العقارية-شارع حسين بيهم-عقار 618,03/794193
بيروت,صيدلية ديانا دوبوتي - المصيطبة بيروت,المصيطبة -عقار رقم 4611 ملك عماد وعدنان وسامر وعلاء الدين وعلي وعامر عبد الحميد برغل,01/833448; 03/398857
بيروت,صيدلية سهام عيتاني - بيروت,بيروت-رشيد نخلة-الظريف ملك رجاء شربجي وسعد خداج رقم العقار 1842,01/366368; 03/909940
بيروت,صيدلية شيحا PHARMACY CHIHA - الاشرفيه بيروت,منطقة الاشرفية العقارية -العقار رقم 4357-القسمين A1B-1-ملك كريستيان شيحا,71/591660
بيروت,صيدلية فينيسيا - ميناء الحصن بيروت,ميناء الحصن شارع ابن سينا عقار 357 القسم 17 ملك سليم انيس ياسين,03/835594; 01/369936
بيروت,صيدلية قدوره KADDOURA PHARMACY,راس بيروت العقارية -العقارات رقم 110و3431و3432-البلوك C-من مركز جفينور,01/369131
بيروت,صيدلية لونه فارم pharm Luna - عين المريسة بيروت,بيروت-عين المريسة شارع غراهام ملك سبأ وسيناء و نوف و سرين الحميضي رقم العقار 254,01/363680; 70/608307
بيروت,صيدلية ويل كير WELL CARE PHARMACY - المصيطبة بيروت,بيروت-منطقة المصيطبة العقارية -الشارع الرملة البيضاء عقار رقم 4537-القسم 5,01/826677; 03/996691
بيروت,طرباه - المزرعة بيروت,المزرعة-زريق ملك طرباه رقم العقار 4826 قسم 7,01/654026; 03/412024
بيروت,عازوري - الاشرفيه بيروت,الاشرفية-الصناعة-الرميل-جوزف شهوان رقم العقار 871,01/560431; 03/817917
بيروت,عتريسي - بيروت,بيروت حي الظريف زاروب العيتاني ملك الجندي رقم العقار 8/1952,01/737774; 03/249244
بيروت,علاء الدين - F.A.S بيروت,بيروت- المصيطبة- ملك نبال و علاء الدين صبرا,01/841641
بيروت,علماوي - بيروت,بيروت-عبدالغني العريسي-برج ابي حيدر علماوي رقم العقار 3380,01/305901; 03/708537
بيروت,عيتاني - المزرعة بيروت,المزرعة-كورنيش المزرعة ملك السعيد وسلطاني,03/377317; 01/651535
بيروت,عين المريسة - عين المريسة بيروت,بيروت حي عين المريسة شارع محطة الديك عقار 230 المحل رقم D,01/362195; 01/356999
بيروت,غناجة - الاشرفيه بيروت,الاشرفية-الفرد نقاش ملك الياس ايوب رقم العقار 1732,03/709708; 01/203861; 01/203518
بيروت,فؤاد - راس بيروت,رأس بيروت ملك آل شاتيال عقار 3423,78/856230; 01/791979; 01/808586; 03/948209
بيروت,فتوح - بيروت,بيروت- برج ابي حيدر-مفرق مطاحن لبنان-ملك يوسف عمر فتوح,01/301058
بيروت,فيتاليتي فارماسي - راس بيروت,راس بيروت العقارية-العقار رقم 1224-القسمين 9C10 B-ملك رضوان عيديبي,03/028898
بيروت,قوى الأمن العام,adlieh general security ground floor,01/427489
بيروت,لوغبلاير - الاشرفيه بيروت,الاشرفية العقارية القائمة على المخزن 1 و2 من بلوك B من العقار رقم 896 ملك الرهبانية المارونية المريمية,03/717732; 01/324686
بيروت,مار مخايل - بيروت,بيروت- المدور- شارع النهر- ملك حلاجيان و حديشيان,01/562802
بيروت,مازن - بيروت,المزرعة-كورنيش المزرعة ملك وجيه سنو المصيطبة رقم العقار 4656 الاقسام 3و4و5و6و7,01/313362; 03/656550
بيروت,محيو - المصيطبة بيروت,بيروت- المنطقة العقارية المصيطبه رقم العقار 4980 على كامل القسم 6,03/542922; 01/802559; 01/786770; 01/786771
بيروت,مروى - بيروت,بيروت- حي مستديرة الكوال- شارع المزرعة- ملك محي الدين و عدنان المجذوب,01/315209
بيروت,مشموشي - المصيطبة بيروت,المصيطبة بولفار صائب سالم ملك مشموشي عقار 5/3249و6,03/294984; 01/316777; 01/315777
بيروت,ميساء صانع - طريق الجديدة بيروت,بيروت حي الطريق الجديدة شارع لبس رقم العقار 1801 المزرعة ملك السمان و حامد و طه,01/700906; 70/727578
بيروت,نبيل قدورة - راس بيروت,راس بيروت-عين المريسة-قدورة رقم العقار 214,01/369131
بيروت,هنادي - المزرعة بيروت,المزرعة-شارع زريق ملك دكتور محمود بري عقار 12/4182,03/603181; 01/645031
بيروت,يارد - الصيفي بيروت,بيروت المنطقة العقارية الصيفي عقار رقم 963 القسم 9 بملكها,03/436243; 01/201305; 01/328254
جبل لبنان - الشوف,Cynthia's pharmacy - سينتيا -,المكاس الطريق العام ملك جورج ابو جوده الملقب فوزي عقار 306 قسم 5,03/521076; 01/689662
جبل لبنان - الشوف,JOURNAL - شوف,جون عقار رقم 355 من منطقة جون العقارية - محل رقم 7 ملك سهمي احمد شمس الدين,07/975626; 76/676076
جبل لبنان - الشوف,الربى - بتلون,بتلون - طريق بتلون / عين و زين ملك عصام وسيم العلي,03/332096; 05/241490
جبل لبنان - الشوف,السعديات - الدامور,حي السعديات-الشارع العام ملك باسل فارس و حميد قبالن,03/667694
جبل لبنان - الشوف,الفرشية - ELFARMACIA,الشوف عين و زين- بملكه-,03/798479
جبل لبنان - الشوف,القصر - شحيم,شحيم -حي القصر -الشارع العام - عقار 5701 قسم 4ملك هدى الحلبي,03/733045; 07/240540
جبل لبنان - الشوف,الوسام - كفرحيم,كفرحيم - ملك سامر ونظام ابو خزام رقم العقار 855,03/669180; 05/720541
جبل لبنان - الشوف,اليسار - عانوت,عانوت حي السوق الشارع العام ملك محمد ابراهيم الغطمي عقار رقم 2,71/210406; 07/243190
جبل لبنان - الشوف,انيفارم,دميت-طريق الدامور دير القمر-بيدر الرمل ملك نعيم غنام عقار غير مسموح,03/262568; 05/722220; 03/496222
جبل لبنان - الشوف,زاهي - بعاصير,بعاصير حي الفتحات شارع حسن بك القعقور عقار رقم 1602 ملك محمود احمد الزعرت,03/09680; 07/920720
جبل لبنان - الشوف,سارة - مزبود,مزبود -حي وردة- ملك عاطف محمدخير الجزائري,07/970993
جبل لبنان - الشوف,سيبيال فارم - بعاصير,,70/417871
جبل لبنان - الشوف,صيدلية الخالد - السقعانية,السقعانية العقارية-عقار رقم 873-القسم 4-الشارع العام-ملك حمزه,03/422685
جبل لبنان - الشوف,صيدلية بولس - عثمان - الشوف,علمان-حي الحارة - الطريق العام - عقار 491 ملك منير داود ووداد القزي,03/875296
جبل لبنان - الشوف,صيدلية سفنا - PHARMACY,كتراميا - الشارع العام-عقار رقم 2798 ملك عكيف عبد الكريم الشحيمي,71/112800; 07/972884
جبل لبنان - الشوف,صيدلية فاميلي كير FAMILY - سرجبال,صيدلية فاميلي كير FAMILY - سرجبال,05/721422; 03/509716
جبل لبنان - الشوف,صيدلية مريم ابو شقرا - الشوف,داريا الشوف-الشارع العام -حي الضهور-العقار رقم 1-القسم 3-4 من الجهة الغربية-ملك علي بوشقره,71/371335
جبل لبنان - الشوف,صيدلية مني - CAREFARMACY,مريحا -حي المعور - الشارع العام - ملك رمضان شريف رمضان عقار رقم 3898,71/157509; 07/920109
جبل لبنان - الشوف,مون فارمسي - حارة الناعمة,حارة الناعمة -حي الصباب- ملك هند العيتاني,05/601011
جبل لبنان - المتن,BOU YOUNES PHARMACY - جبل الديب,جبل الديب - شارع بيروت - طرابلس - عقار رقم 43 - ملك وليم اسعد زرد وفادي وليم زرد وبولين وليم زرد,04/723588; 04/723488; 03/488588
جبل لبنان - المتن,Dora's Pharmacy - دورا - فرامسي - سن الفيل,سن الفيل - حرش ثابت - شارع بيروت هول - بنية لابيد,01/492449
جبل لبنان - المتن,HEALTH -CORNER PHARMACY,ببربر أبو جوده منطقة البوشيرية العقارية-العقار رقم 3146-القسم 6-ملك شركة يونيفرت هاوس ش.م.ل,01/899399
جبل لبنان - المتن,Healthcare pharmacy - هلككير - برمانا,Main Street Bonja Center. Ground Floor,03/421592; 04/413814
جبل لبنان - المتن,La Pharmacie de Diana - المنصورية-المتن,Main street Naccache AEC center Gf,71/984981; 04/984981
جبل لبنان - المتن,PHARMACIE CHEDID - قرنة شهوان,Batrakieh main road. Before malapco station Rabweh- Chedid building bloc B. GF,71/082905
جبل لبنان - المتن,PHARMACIE DANY - مزرعة يشوع,مزرعة يشوع الطريق عام بكفيا عقار1621 القسم4 و5 سنتر عبيد ملك يوسف وكلود اميل عبيد,03/624743; 04/924743
جبل لبنان - المتن,PHARMACIE HYGIENE DE VIE - بيت مري,بيت مري حي الرويسة الشارع العام عقار3272 قسمAV ملك رينه سامي نصار,04/872544
جبل لبنان - المتن,PHARMACIE KLINK - المحيدة,principale IMMEUBLE MICHEL AKL - 270-REZ DE CHAUSSEE,01/902628; 03/565518
جبل لبنان - المتن,PHARMACY-مبار-نيكولا-صيدلية,بياقوت حي الام الحزينة الشارع العام عقار رقم B1/4 244 ملك جبرايل جرماني,76/118188; 04/272404
جبل لبنان - المتن,Pharmacie Capsule De Slaf - الدكوانة,الدكوانة- عقار رقم 1040- االقسام 5و2425- بملكها بموجب سندات تمليك واالقسام 26و27و28بملكها بموجب عقد بيع ممسوح,71/100086
جبل لبنان - المتن,Pharmacie De Michel - المنصورية-المتن,المنصورية -الطريق العام القديم -ملك نصار ايليا نصار,03/713727; 04/401567
جبل لبنان - المتن,Pharmacie El Sooud - صيدلية الصعود -الضبية,الضبية الشارع العام حي المالح ملك وفيق المالح عقار309,03/043909; 04/544552
جبل لبنان - المتن,Pharmacie ST Charbel et Rita - البوشرية,منطقة البوشرية العقارية عقار رقم2772 القسمA2 ملك وارطوهي مارديروس كشيشيان,01/693756; 03/923756
جبل لبنان - المتن,Pharmacy - الضية,جوزف ج.الخوري للتطوير العقاري-ش.م.ل,03/607813; 04/910997
جبل لبنان - المتن,Soueid's Pharmacy - صيدلية سويد -المكلس,مكلس الشارع الرئيسي عقار699 قسم3 ملكه,03/538922; 01/490092
جبل لبنان - المتن,Vivian Pharmacy - المتن,"النقاش العقار رقم321- كامل القسم9- الناحية الجنوبية لمدخل لبناء- ملك فادي ورامي منصور, 04/402823 71/710195",
جبل لبنان - المتن,Waterfront-صيدلية ووترفرنت,منطقة الضية العقارية-العقار رقم P1-4) 7/768( P1-3B) 6/768,03/292719; 01/871019
جبل لبنان - المتن,ابو فاضل - برمانا,برمانا-الطريق العام مراح غانم-اسود ملك ارملة ابو فاضل عقدار,03/466695; 01/893165
جبل لبنان - المتن,الاهلية -سن الفيل,سن الفيل- فنرجيان - السيد بديع االشقر عقار426,71/757600; 03/228903; 01/482077
جبل لبنان - المتن,الجسر الواطي -سن الفيل,سن الفيل-الشارع العام- الجسر الواطي بناية ميناسيان عقار237 قسم10,71/158000; 03/158000; 01/488178
جبل لبنان - المتن,السيدة -سن الفيل,سن الفيل- شارع السيدة ملك سمير كولو عقار2/87,01/480004; 71/444566
جبل لبنان - المتن,السيدة الدكوانة -الدكوانة,الدكوانة -حي تل الزعتر -ملك مايا شربل شبلي,01/687651
جبل لبنان - المتن,العطايا -سن الفيل,سن الفيل- مار الياس ملكه عقار1938 قسم5,03/241240; 01/488188
جبل لبنان - المتن,الفنار -فنار,الفنار- ملك منتهى شلهوب حي الفنار عقار1176,03/303663; 01/872873
جبل لبنان - المتن,القنيطره -بيت شباب,بيت شباب -حي القنيطره -طريق عين عار\بيت شباب -ملك سهيل فرج هللا,04/911144
جبل لبنان - المتن,اندره -البوشرية,البوشرية-الجامعة اللبنانية- ملك سليم عقار221/6,03/564560; 01/684862
جبل لبنان - المتن,باستور -سن الفيل,سن الفيل-شارع الغزال- ملك حلمي بيضون عقار120 قسم3- والاقسام5و8و9-ملك امينه صالح القواص,71/221544; 03/069055
جبل لبنان - المتن,برومييه سوان PREMIERS SOINS - بيت مري,بيت مري حي نبع السعادة الشارع العام ملك انطوان مخايل الحاج عقار4085 القسم8 و9,03/723996; 04/530260
جبل لبنان - المتن,بريدي -النقاش,النقاش الشارع الرئيسي ملك مي الياس فرعون بو جوده عقار35 المحل الثاني الجهة الشمالية,03/708029; 04/408029
جبل لبنان - المتن,بون سوان - البوشيرية,البوشيرية شارع الفردوس ملك عبد الجليل دندل وغادة نجار عقار 1159 قسم 11/بأ,03/301345; 01/886336
جبل لبنان - المتن,جمال - المتن - جسر الباشا - سن الفيل,سن الفيل جسر الباشا ملك ابو راشد عقار 1573,03/608373; 01/481159
جبل لبنان - المتن,جيو فارماسي GEO PHARMACY - الدكونة,الدكونة - حي مار روكز - تجاه مجمع اميل لحد الرياضي العسكري - ملك حداد,03/965284; 04/419647
جبل لبنان - المتن,حداد - بيت الشعار,بيت الشعار-ملك لواء وعميد سلوم عقار 401,03/859160; 01/680369
جبل لبنان - المتن,حرش تابت - سن الفيل,سن الفيل منطقة حرش تابت شارع جبران خليل جبران ملك طانبوس توفيق الاشقر عقار 1348 A و A 7 القصين,03/359197; 04/927823
جبل لبنان - المتن,سان انطوني - انطلياس,انطلياس-جارة الغوارنه-خوصروف خاليان عقار 7 و 8 من العقار 359 بملكه,03/659636; 01/484647
جبل لبنان - المتن,سان جوزيف JOSEPH - SAINT,منطقة عينطور العقارية-عقار رقم 126 -المحلات ذات الابواب رقم 1و2و3 ملك دير سيدة الزيارة بالولاية العامة للبطريريكية المارونية,03/195729; 24/963333
جبل لبنان - المتن,سان فرنسيس - القناة,القناة-الشارع العام-ملك تعمة عساف عقار 708,03/807948; 04/714365
جبل لبنان - المتن,سان ميشال - جبل الديب,جبل الديب-الشارع العام-ملك جورج الهاشم عقار 289,04/808849
جبل لبنان - المتن,سانت ريتا - بيت شباب,مزرعة يشوع-الطريق الرئيسي/بيت شباب-ملك جورج انطوان القني عقدار 516,03/949467; 24/961999
جبل لبنان - المتن,سانت كلير - قرنة شهوان,قرنة شهوان الطريق العام ملك مخايل حبيب السبعي عقدار A4 و A6,03/754330; 04/915422
جبل لبنان - المتن,سانتا تريزيا - انطلياس,انطلياس-العقار 1123 المنطقة العقارية انطلياس القسم 5 بملكه,76/974421; 04/715005
جبل لبنان - المتن,سماحه - الدكوانة,الدكوانة-السالف-عقار 1124 ملك أنطونيات الماش وشركاؤها,03/004331
جبل لبنان - المتن,سن الفيل - سن الفيل,سن الفيل-الصالومي-الساحة عقار 142 ملك مرسال يعقوب طالب-بطرس وجوزف وناجي بطرس ابي راشد,03/707696; 04/525676
جبل لبنان - المتن,سيال - قرنة شهوان,قرنة شهوان ملك كرم وحبيب عقار 495,03/301930; 01/480212
جبل لبنان - المتن,شاتتال - قرنة الحمرا,PRINCIPAL ROAD JEAN TOHME FLOOR,03/840044; 70/940044; 04/911088
جبل لبنان - المتن,شادر - قرنة شهوان,قرنة شهوان-البياضة-ملك بول شادر عقار 2121 قسم 4,70/420402; 03/270442; 04/925107; 04/927596
جبل لبنان - المتن,صباح - برمانا,"برمانا-مراح غانم-ملك جوزفوسعد فضل الله عقدار, 04/8736634/377",03/847221
جبل لبنان - المتن,صيدلية ابو حبيب - Pharmacie,انطلياس -شارع بيروت - طرابلس - عقار رقم 211 - القسم رقم VII - ملك ادوار فيليب طعمه,03/821818; 04/922942
جبل لبنان - المتن,صيدلية الاكسير - المتن,المجذوب الشارع العام ملك روجيه سمير صليبا عقار رقم 400,03/261907; 04/416808
جبل لبنان - المتن,صيدلية الخراط,الدورة-مستديرة الدورة برج حمود عقار 48 قسم 19-20 - 21,04/712996
جبل لبنان - المتن,صيدلية العبارة,,01/696430; 71/241211
جبل لبنان - المتن,صيدلية المجد Pharmacie - Majd,شارع حنكش منطقة البوشيرة العقارية - عقار 2987 قسم 43 - ملكا بناية SIPAN الطابق الارضي,03/905032
جبل لبنان - المتن,صيدلية اليانا - الدكونة,الدكونة -حي مار روكز - ضهر الحصين - طريق عام مار روكز - عقار رقم 455,03/667842; 01/902677
جبل لبنان - المتن,صيدلية اوسيان - الدكونة,الزلفا عقار 55 القسم 6 بملكها,70/189373; 01/691897
جبل لبنان - المتن,صيدلية برمكي - بيت مري,بيت مري رشائع العام عقار 3424 ملك رهينة راهبات الوردية محل رقم 3,03/248395; 01/872279
جبل لبنان - المتن,صيدلية بكفيا - بكفيا,بكفيا-الطريق العام ملك الجميل ، نصار و رزق الله عقار 828,03/248395; 01/872279
جبل لبنان - المتن,صيدلية حول PHARMACIE - المنصورية-المتن,منطقة المنصورية العقارية - عقار رقم 2675 المك املاركو الخوري,03/069689; 04/870553
جبل لبنان - المتن,صيدلية راتكو RATCO -,الطريق العام عقار رقم 341 ملك نبي موسع العيرون - حي الروضة -,03/368123; 03/445144; 04/534338
جبل لبنان - المتن,صيدلية رامي - بيت الشعار,,03/890125; 04/444631
جبل لبنان - المتن,صيدلية رانيا - الفنار-المتن,,71/777981; 04/390249
جبل لبنان - المتن,صيدلية رينا - الدكوانة,,03/122257; 04/916336
جبل لبنان - المتن,صيدلية سان جان,,03/787758; 01/876296
جبل لبنان - المتن,صيدلية سان شارل - المطيل,المطيل رقم العقار 700 القسم 8 ملك فايبان شارل الزغبي,03/545510; 09/231772
جبل لبنان - المتن,صيدلية سان ميشال,,03/609903; 01/482311
جبل لبنان - المتن,صيدلية سان ميشال,,04/930328; 03/783494
جبل لبنان - المتن,صيدلية سور,,04/930328; 03/783494
جبل لبنان - المتن,صيدلية فارما بلس,,04/930328; 03/783494
جبل لبنان - المتن,صيدلية فارما سوال,,03/352611; 01/889650
جبل لبنان - المتن,صيدلية فارما سوال,,03/978061; 01/898984
جبل لبنان - المتن,صيدلية كساب,,03/359235; 01/697015
جبل لبنان - المتن,صيدلية كي أند أي مشموشي MACHMOUCHI Pharmacy -,ضيه - عقار رقم 546 -ملك حسين سعيد مشموشي,03/096441; 01/692208
جبل لبنان - المتن,صيدلية مار روكز,,03/539603; 03/806946; 04/412030
جبل لبنان - المتن,صيدلية مازرينا,,03/505943; 04/806180
جبل لبنان - المتن,صيدلية مافوف,,01/698610
جبل لبنان - المتن,صيدلية نانسي,,76/927942; 04/402095
جبل لبنان - المتن,صيدلية نور - شويا -المتن,شويا العقارية المتن الشمالي-حي مار تقلا-الشارع العام-عقار 177 كامل القسم C/9,03/677754; 01/877754
جبل لبنان - المتن,غسطين - عمارة شلهوب,الزلقاط-طرابلس القديم عمارة شلهوب - ملك يوسف واميل غسطين عقار 34,04/520303; 03/538164
جبل لبنان - المتن,فيتال - جل الديب,جل الديب-الشارع العالي-ملك مارونست - نيكولا -,01/891289; 81/233244
جبل لبنان - المتن,ليليت - فنار,الفنار- سنتر زينة,03/618871; 04/711828
جبل لبنان - المتن,مار الياس المطيل - المطيل,St Elie Pharmacy Mtayleb Street 7 Mtayleb old Rabieh Mtayleb Road Amiouny Bld &amp; RG floor,71/308796; 04/981766
جبل لبنان - المتن,مار الياس- انطلياس,انطلياس- شارع مار الياس-ملك سيمون سيمونيان,01/872844; 03/805559
جبل لبنان - المتن,مار تقلا - البوشيرية,البوشيرية-السد-شارع الابوارة-بناية جورج حاوي,70/592821; 01/690102
جبل لبنان - المتن,مزهر - مزهر-المتن,"Mezher, 101/3, dr Charbel daher",04/418100
جبل لبنان - المتن,مكرزل - النقاش,النقاش-الشارع العام-ملك نوال الصمدي عقار 1366 قسم 10,04/414160
جبل لبنان - المتن,ميريديان,البوشيرية-السد ملك عفاف الرهاب عقار 1523,03/422540; 04/710024
جبل لبنان - بعبدا,Drugstore Pharmacy - دراغستور فارسي - بعيدا,بعيدا-مقابل مرسة الحربية-طريق الشام-ملك الياس انطوان شاول,03/812611; 04/915020
جبل لبنان - بعبدا,Family Pharmacy,الحدث-شارع بولفار شمون-عقار A4/58-ملك اياد المقداد,03/937596; 05/454822
جبل لبنان - بعبدا,MPC PHARMA - الغبري,الغبري-ملك حسن ذيب حجازي,70/222402; 05/951919
جبل لبنان - بعبدا,PHARMACIE AIN EL REMMANEH صيدلية عين الرمانة,الشياح العقارية - عين الرمانة- عقدار 9/98-القسمين 8/9 ملك انطوان وجان وروبير عيسي,71/308675
جبل لبنان - بعبدا,PHARMACIE HAMDAN - قبيح,قبيح-ملك مالك حمدان,01/285200; 01/286700
جبل لبنان - بعبدا,PHARMALAK- الحدث-بعيدا,منطقة الحدث العقارية عقار رقم 4545 القسم A- البلوك 8 ملك دير مار أنطونيوس التابع للرهانية الأنطونية المارونية,01/275441
جبل لبنان - بعبدا,PHARMALIFE-HAZMIEH - الحازمية-بعيدا,الحازمية شارع سعيد فريحة عقدار رقم 5/4370 ملك حبيب سعيد عيلا,05/370011
جبل لبنان - بعبدا,Pharmacie - القياضية سانت تريز - Sainte Thérèse,عقار 1331-خي منطقة بعدا العقارية-ملك طرانية بيروت المارونية,03/629154; 05/950028
جبل لبنان - بعبدا,Pharmacie ST - سنان انطوان - الحازمية-بعيدا,الحازمية-طريق جسر الباشا الحازمية-ملك انطوان حد عقار 7 قسم 509,01/541239; 03/998610
جبل لبنان - بعبدا,Pharmacy Assia,الشياح حي بتر حسن شارع مستديرة السفارة الكويتية عقار 4483 A ملك نضال حسن شامي,05/471331
جبل لبنان - بعبدا,Pharmacy Elsy,الغبيري-عبدالكريم الخليل-روضة الشهيدين-عقيل عقار 6401 A بلك 8 ملك,05459993; 03/399045; 05/459996
جبل لبنان - بعبدا,Pharmay FATEN - الشياح,الشياح العقارية عقار رقم 408 القسم رقم 9 ملك حمد رضا خليل,70/254547; 03/489315; 05/955825
جبل لبنان - بعبدا,Rawdah Pharmacy,السفارة العقارية- الغبيري-عقار 6/4446 من منطقة الشيخ العقارية-الجبهة الشمالية-ملك حيدر جابر,01/838538; 03/178318
جبل لبنان - بعبدا,Royal Pharmacy - حدث-صيدا,الحدث - منطقة الحدث العقارية -شارع صيدا القديمه-عقار رقم 3968 -B,01/278888
جبل لبنان - بعبدا,WELLNESS PHARMACY - بعيدا,منطقة بعيدا العقارية-العقار رقم 1419-الأقاسم /Kr/Hr/Gr -ملك شركة,70039602; 01/451133; 78/899839
جبل لبنان - بعبدا,Zaytouna Pharmacy - الشياح,الشياح-طريق المطار-ملك زينب طباجة,03/384058; 05/952199
جبل لبنان - بعبدا,ZeinaCare Pharmacy - الشياح,jnah next to al zahraa hospital ground floor,01/453130
جبل لبنان - بعبدا,اكسبرس - بعيدا,Emile Lahoud Highway Champs Fitness Center,01/833666; 70/166001
جبل لبنان - بعبدا,الاسطة - وادي شحرور السفلى,وادي شحرور-بملكها عقدار 1242 القسمين 13 و 14,01/280644
جبل لبنان - بعبدا,الاوازاعي - برج البراجنة,برج البراجنة حي الاوازاعي عقدار رقم 246 ملك سامر و عبد القادر مكداشي,03/875571; 05/943571
جبل لبنان - بعبدا,الحاج - الحازمية-بعيدا,الحازمية-ممار الياس-ملك الحاج عقدار 2114,01/851910; 03/508023
جبل لبنان - بعبدا,الحكيم - حارة حريك,حارة حريك-دكاش-فولادكار ملك عبدالحسن طاهر عقار 6/710,70/238099; 03/752905; 05/531562
جبل لبنان - بعبدا,الحلباوي - الغبري,الغبري-حي الطيونة-شارع علامه-ملك عادل ضاوي,03/363836; 05/457104; 05/450718
جبل لبنان - بعبدا,الخليل - حارة حريك,حارة حريك-الشارع العام-ملك خضر سليم عقدار 212,01/380617
جبل لبنان - بعبدا,الرسول الاعظم - برج البراجنة,طريق المطار القديم مبنى مستشفى الرسول الاعظم pharmacy,03/930398; 01/556064
جبل لبنان - بعبدا,الساحة - الحازمية-بعيدا,الحازمية-ساحة مار تقلا-ابوب-بملكها عقدار 5119 القسمين 18 و 19,03/581011; 01/450194
جبل لبنان - بعبدا,الساحل - حارة حريك,Sahel Pharmacy Haret Hreik Main Street Atieh Blg. Ground Floor,03/292951; 05/450640
جبل لبنان - بعبدا,السبع - برج البراجنة,برج البراجنة-عين السكة ملك على السبع عقار 1290,03/709368; 01/556615
جبل لبنان - بعبدا,الشياح - الشيخ,الشياح-حسن كنج-الغيري-ملك حسين محمد زغيب عقار 8 قسم 18,01/478096
جبل لبنان - بعبدا,الصادق - برج البراجنة,برج البراجنة-العنان ملك فاطمة جلول عقار 1389,71146423; 03/540376; 01/274466
جبل لبنان - بعبدا,الفادي - فرن الشباك,فرن الشباك-طريق الشام-ابوعيد وحكيم عقار 3/192,03/651389; 01/456708
جبل لبنان - بعبدا,الكوثر - تحويطة الغدير,تحويطة الغدير-الطريق العام ملك محمد بربر عقار 545,03/241591; 01/283612
جبل لبنان - بعبدا,المطار - برج البراجنة,برج البراجنة-طريق المطار ملك حسن يحفوفي عقار 2931,03/724068; 05/482114
جبل لبنان - بعبدا,المعمورة - برج البراجنة,برج البراجنة-المعمورة-ملكه عقار 1596,70/111016; 01/455377; 01/455477
جبل لبنان - بعبدا,الملاك - الحدث-بعيدا,الحدث الليكلي-ملك حمزة مراد عقار 401 قسم 14,01/473338
جبل لبنان - بعبدا,المنار - برج البراجنة,برج البراجنة-شارع السيد-ملك محمد حامد البزال,03/217616; 01/450556
جبل لبنان - بعبدا,الهادي - برج البراجنة,صيدلية الهادي الجاموس ثروات 3- طابق ارضي-ملك حلمى عمار,03/684520; 05/466226
جبل لبنان - بعبدا,الوفاء - الغبيري,الغيري-السفارة الكويتية-قرب محطة الرحاب ملك على رشيد شحرور عقار B 6/6918,71/227697; 03/414606; 01/476323
جبل لبنان - بعبدا,انطون - عين الرمانة-بعيدا,عين الرمانة-وديع نعيم شارع غنوم ملكها عقار 1123 قسم 6 و 7,01/821121
جبل لبنان - بعبدا,بتر حسن - الغبيري,من-مستديرة قيصررياض الصلح-بترحسن-ملك ابراهيم صالح عقار M3 4499,03/396485; 05/459399
جبل لبنان - بعبدا,برازيليا - بعيدا,SACRE COEUR HOSPITAL 4 seasons building - Ground floor,03/353606; 01/281416
جبل لبنان - بعبدا,توب كير (Top Care) - الحدث-بعيدا,الحدث حي الأميركان - عقار رقم B 8/1645 ملك جورج اسكندر المصوب,03/683598; 01/858443
جبل لبنان - بعبدا,جارفرام فارمسي Jaber Pharm Pharmacy,الحدث حي الجاموس شارع الجاموس عقار 4445 القسين 10 و 11 الحدث ملك حسن علي خنافر,05/471641; 03/951009
جبل لبنان - بعبدا,جمال جابر - برج البراجنة,برج البراجنة-حسين ناصر ملك ورثة زينب السباعي عقار 1118,03/845201; 01/474618
جبل لبنان - بعبدا,حوماني - حارة حريك,حارة حريك-الجديد ملك حوماني عقار 1344,03/288784; 01/450106
جبل لبنان - بعبدا,حيدر - حارة حريك,حارة حريك-مكرزل-الصغير ملك حسين عيسى عقار 1231,76/978343; 01/558251
جبل لبنان - بعبدا,خوري - الحازمية-بعيدا,الحازمية-مطار تقلام-ملك سامي خوري عقار 2013,03/292119; 01/541566
جبل لبنان - بعبدا,خيامي - الغبيري,الغيري-السفارة الكويتية-جسر المطار ملك حمود حانيني عقار 288,03/257032; 05/457689
جبل لبنان - بعبدا,درغام - برج البراجنة,برج البراجنة العقارية عقر رقم 2477 القسم 9 البلوك B بملكه,03/225544; 01/856784
جبل لبنان - بعبدا,دول - الجناح,الجناح-شارع وزارة التصميم ملك دول عقار 4318,03/490245; 01/542974
جبل لبنان - بعبدا,دياب - بعدا,حارة حريك-العضيمي-السهل-الاداري قرب المسجد الكبير ملك عيساوي عقار 306,03/730999; 01/820202
جبل لبنان - بعبدا,رجاء - الشيخ,الشياح-الطيار-ملك ورثة محسن مكي عقار 7/122,03/670082; 01/554746
جبل لبنان - بعبدا,ريان - الشيخ,الغبيري - حي الحسينية المنطقة العقارية الشيخ العقارية الثمار العام ملك ورثة محمد محمود حمدان عقار 1492,70/938943; 01/276722
جبل لبنان - بعبدا,سانت اندره - الحدث-بعيدا,الحدث-اديب اسحق-حارة البطم - بملكها وملك اندره جورج التاسيادس عقار 1321,03/736808; 03/402189; 01/559100
جبل لبنان - بعبدا,سانتي سرفيس - الحازمية-بعيدا,الحازمية- جسر الباشا- الطريق العام- سنتر الحازمية,03/122828; 05/467789; 05/470606
جبل لبنان - بعبدا,صغير - حارة حريك,شارع المستوصف-صغير-حارة حريك بناية ناديا,05/454227; 03/608083
جبل لبنان - بعبدا,صيدلية AVE - بعدا,طريق عام بعدا عقار رقم 45 المردشة قسم 6 -ملك زبيدة داغر,05/952485
جبل لبنان - بعبدا,صيدلية رينيه - الحازمية-بعيدا,الحازمية حي مار تقال شارع السفارة الليبية عقار 2848 القسم 7 ملك نازلي مازاكيان ارملة المرموه قره كين ياردمان,70/918919; 05/940351
جبل لبنان - بعبدا,صيدلية سمر غريب - الحدث-بعيدا,الحدث طريق صيدا عقار رقم 258 ملك جوزف-ماري لويز-سلوى-ملحم ومارون جرجي الجاموس,79/300709; 03/573770; 01/839383
جبل لبنان - بعبدا,صيدلية سيتي - الشياح,new airport highway al-wouroud building-ground floor,03/640421; 01/541325
جبل لبنان - بعبدا,صيدلية فارما كليك - PHARMACIE PHARMA,المنطقة العقارية الشياح - عقار رقم 7022-القسم 9 بمالكها,03/768966; 01/452627
جبل لبنان - بعبدا,صيدلية فعالى - Pharmacie Feghaly,"pierre helou, princess nour safinaz",70/938138; 05/922652
جبل لبنان - بعبدا,صيدلية كير - الحدث-بعيدا,الحدث العقار 3870 منطقة الحدث العقارية القسمين 2 و 3 ملك وجيه نايف ز عيتر,03/641690; 05/465853
جبل لبنان - بعبدا,صيدلية لبنان - الشياح,الشياح شارع بولفار كيمل شمون ملك جاد بعقليني عقار 1616 قسم 6,01/833885
جبل لبنان - بعبدا,صيدلية ميلانا - Pharmacie Milana,الحدث حي الجاموس - عقار رقم 191 - محليين C7 و C6 ملك,70/018840; 05/461012
جبل لبنان - بعبدا,صيدلية نورا - الحدث-بعيدا,,01/278737; 76/321524
جبل لبنان - بعبدا,طارق - حارة حريك,حارة حريك-الروس-ملك حسن حاج-علي عقار 2460 قسم 5,71/333445; 01/272933
جبل لبنان - بعبدا,عالم - الحدث-بعيدا,الحدث-مستشفى سانت تريز-طريق صيدا القديمة-بمالكها و ملك ماجد ديب عالم عقار 2916 بلك C القسم 5 و 4,70/888879; 05/464366; 71/342108
جبل لبنان - بعبدا,عماد - برج البراجنة,برج البراجنة - حي الرمل العالي-عقار 1747-قسم 6.7-ملك امين ملحم,05/952241; 03/015141
جبل لبنان - بعبدا,ف. شرف الدين - حارة حريك,حارة حريك-المصطفى-الغاردن بالاس ملك شرف الدين عقار 36,03/389219; 05/470823
جبل لبنان - بعبدا,فارما فاطمة - برج البراجنة,ومطعم hypocy,03/850853; 01/293620
جبل لبنان - بعبدا,فارمالونا - الحدث-بعيدا,الحدث شارع كاليبر سمعان ملك دير مار انطونيوس عقار 50 القسم B الحدث,03/538701; 01/271958
جبل لبنان - بعبدا,فارمايا - الحدث-بعيدا,الحدث -حي الامركان-شارع الحازمية/المطار-ملك علي ابو طعام,01/840723; 03/884711
جبل لبنان - بعبدا,فارمايو - الحدث-بعيدا,الحدث - شارع الانطونية - ملك مارون ابراهيم حرفوش,78/883634; 01/541100
جبل لبنان - بعبدا,فرن الشباك الجديدة New,Damascus road Chaaya bldg.,03/018313; 05/465340
جبل لبنان - بعبدا,قصير - برج البراجنة,برج البراجنة-عين الدية ملك زين الدين عقار 2353,01/616686; 01/615529; 03/907072
جبل لبنان - بعبدا,قطاس - الشياح,غ/ 7/ 6500 الغيري الشياح-العريس ملك ساري طاهر وشركاه عقار,01/453390; 03/281807
جبل لبنان - بعبدا,كنج الجديد - الغبيري,محل عدد 2 من الجهة 437 الغيري -حي المصبغة ملك حسن محمد شامي عقار الشرقية,81/894040; 01/540543
جبل لبنان - بعبدا,ل.رحال - برج البراجنة,برج البراجنة-عبدالناصر-كرم الجميزة ملك حرب عقار 1468,01/450421; 03/061500
جبل لبنان - بعبدا,ماجد - حارة حريك,حارة حريك-جل اده-االبيم ملك اممنة عيسى عقار 1942,05/470595
جبل لبنان - بعبدا,مار تقلا - الحازمية-بعيدا,الحازمية-مار تقلا ملك فؤاد مسعود عقار 2923,05/951474; 03/722442
جبل لبنان - بعبدا,مار فرنسيس - بطشية,بطشيه-الطريق العام ملك صهيون,01/291152; 01/291151; 76/154690
جبل لبنان - بعبدا,مار نهرا - فرن الشباك,فرن الشابك تحويطة النهر ملك طرابيشي عقار 231,03/106225
جبل لبنان - بعبدا,مازن - الشياح,الشياح حي العريس شارع بوليفار الشياح بملكه عقار 54 القسم 4,03/073048; 01/555983
جبل لبنان - بعبدا,مريم - الشياح,الشياح العقارية - عقار 1511-القسمين 10 و 9 بلوك A,03/481617; 01/279096
جبل لبنان - بعبدا,منصور - الشياح,الشياح العقارية رقم العقار 075 القسم رقم ملك محمد علي يوسف خريس,01/549100; 03/753071
جبل لبنان - بعبدا,ندى - فلوغا,فلوغا-ملك محمد ابو الحسن عقار 1360,05/950318
جبل لبنان - بعبدا,نور الدين - برج البراجنة,"Business Tarek Al Matar, Facing Cafe 77, Borj Al Barajne Golf 2000 Bulding, Ground Floor",05/923224; 03/857414
جبل لبنان - بعبدا,هنداي HANADI -Pharma,الغيري -حي بنر حسن -حرش القتيل -شارع ثانوية الروضة -عقار رقم 5702,03/322564; 01/542386
جبل لبنان - عاليه,ABI RAFEH Pharmacy - عاليه,عاليه عقار رقم533 ملك خالد ووليد وكمال عادل عقل,09/543963; 03/206474
جبل لبنان - عاليه,Pharma Joud - بيصور-عاليه,بيصور -الشارع الرئيسي -ملك نبيل انيس مالعب,09/946277; 03/246179
جبل لبنان - عاليه,Pharma You - بشامون,بشامون -ملك الحزب التقدمي الاشتراكي,09/795179; 03/747964
جبل لبنان - عاليه,Pharmacie Reine - الشويفات,الشويفات- حي القبة- الشارع العام- عقار رقم187 القبه- القسم1shop الجهة الغربيةBLOCK C- ملك فؤاد ابوفخر,09/478715
جبل لبنان - عاليه,الحسام -عيناب,عيناب عقار رقم1230 بملكه,71/008898
جبل لبنان - عاليه,الوفاء -الشويفات,الشويفات- طريق صيدا القديمة القبة ملك اسماعيل حيدر عقار1131,09/546930; 03/389591
جبل لبنان - عاليه,بارعة -عرمون -عاليه,دوحة الشويفات حي القبة بناء المهتار بناء المهتار,71/056916
جبل لبنان - عاليه,دانيا - الشوفيات,الشوفيات-حي القيممك على فارس عقار 1969/9,03/572657; 05/802090
جبل لبنان - عاليه,رزان -العزونية,العزونية -الشارع العام -بناية الكوكاش,25/552125; 71/720476
جبل لبنان - عاليه,صيدلية - ALFARMA - عاليه,منطقة القبة العقارية-العقار رقم 1371-ملك شركة غلوب فوز ش.م.ل,03/628905
جبل لبنان - عاليه,صيدلية Pharma K - عاليه,القبة حي دوحة الشويفات الشارع العام رقم العقار1809 قسم8 ملكه,05/572030
جبل لبنان - عاليه,صيدلية الزهار ALZAHAR PHARMACY - عاليه,منطقة عاليه العقارية- عقار رقم484- ملك ايليا وجرجي وبشارة ونقوال وجوزف مخايل فاخوري,05/271500
جبل لبنان - عاليه,صيدلية الين - عاليه,,05/810197; 76/722421
جبل لبنان - عاليه,صيدلية ايلين - عاليه,,05/810224
جبل لبنان - عاليه,صيدلية جوان - عاليه,,76/750047; 05/559048
جبل لبنان - عاليه,صيدلية داني PHARMACY DANY - صوفر,صوفر الفنيدق الشارع العام عقار227 ملك غالب سليمان شيا وحافظ سليم شيا وسليم ملحم شيا,05/441421; 70/969002
جبل لبنان - عاليه,صيدلية راما - عاليه,,25/559995; 03/745488
جبل لبنان - عاليه,صيدلية راما الجديدة - عاليه,,05/558101
جبل لبنان - عاليه,صيدلية رانيا - عاليه,,05/481146; 03/644070
جبل لبنان - عاليه,صيدلية رشا - عاليه,,03/672290; 05/432543
جبل لبنان - عاليه,صيدلية رند - عاليه,,76/921456; 05/273656
جبل لبنان - عاليه,صيدلية روبي - عاليه,,71/165059; 05/557687
جبل لبنان - عاليه,صيدلية روز - عاليه,,03/059893; 05/800090
جبل لبنان - عاليه,صيدلية ريتا - عاليه,,70/356236; 05/572234
جبل لبنان - عاليه,صيدلية سان بيتر - عاليه,,70/665241; 05/814485
جبل لبنان - عاليه,صيدلية سان جورج - عاليه,,05/812724; 70/583598
جبل لبنان - عاليه,صيدلية سان شربل - عاليه,,70/607466
جبل لبنان - عاليه,صيدلية سمايل SMILE PHARMACY - عاليه,منطقة القبة العقارية- عقار2513 القسم5 بلوكA ملك جواد داغر وعلي قازان,05/410425; 03/213519
جبل لبنان - عاليه,صيدلية سناء - عاليه,,03/082717; 81/708295
جبل لبنان - عاليه,صيدلية سينتيا - عاليه,,03/003852; 05/804875
جبل لبنان - عاليه,صيدلية شام - عاليه,,71/120150
جبل لبنان - عاليه,صيدلية فردوس - عاليه,,76/450544; 05/436861
جبل لبنان - عاليه,صيدلية لينا - عاليه,,03/463862; 05/293399
جبل لبنان - عاليه,صيدلية مايا - عاليه,,03/477922
جبل لبنان - عاليه,صيدلية ميلان - عاليه,,70/406450; 03/716987; 05/807240
جبل لبنان - عاليه,صيدلية ناتالي - عاليه,,03/634109
جبل لبنان - عاليه,صيدلية نادين - عاليه,,03/707003; 05/260043
جبل لبنان - عاليه,صيدلية وردة - عاليه,03/789758CNew,
جبل لبنان - عاليه,صيدلية يارا - عاليه,,03/713728; 05/551615
جبل لبنان - عاليه,ضاهر - عاليه,,05/220262
جبل لبنان - عاليه,فارما ترست - روسيات صوف,عين صوف-حي روسيات صوف- شارع الكشاف-ملك ناجي ولياد ابي المنى,05/262917
جبل لبنان - عاليه,فارما جي - عاليه,,05/813863
جبل لبنان - كسروان,Centre - الكفرياسين,الكفرياسين ملك انطوان شلهوب عقار 554,03/343797; 09/850868
جبل لبنان - كسروان,LA PHARMACIE NAHIR IBRAHIM - نهر ابراهيم,منطقة نهر ابراهيم العقارية عقار رقم 719 ملك رقم 5 و 4 ملك فادي جوزف غانم,71/080349; 01/451598
جبل لبنان - كسروان,MANSOUR'S PHARMACY - غادير,زوق مكايل العقارية عقار رقم 780 القسم رقم A 4 ملك بشارة ابراهيم ريشاغادير عقار رقم 1555- القسم رقم 5 بلوك B ملك جوزف ضاهر ونبيل ونزيه,81/222134; 03/611134; 09/222134
جبل لبنان - كسروان,Maya's pharmacy - اهمج,منطقة اهمج العقارية-الشارع العام- العقار رقم1027- بلوك4/A- ملك مايكل أبي رميا,01/278858; 03/246269
جبل لبنان - كسروان,Medi-Care - Gazir - غزير,غزير-حي كفر حباب-الشارع العام-عقار رقم 3528 ملك رامي المر,70/746434; 09/916196
جبل لبنان - كسروان,PADRE PIO PHARMACY - فيطرون,فيطرون-الشارع العام-عقار رقم 3864/5-ملك رواد وشركيل كيروز,70/022462
جبل لبنان - كسروان,Pharma C Mikhael - الفيدار,الفيدار- منطقة حالت العقارية- عقار رقم860- المحل الثالث من الجهة الجنوبية ملك سيدة جبور العم مخايل,03/774994; 01/451048
جبل لبنان - كسروان,Pharmacy Clinique - عشقت - فارماسي كلينيك,منطقة عشقت العقارية -حي الجسر-الشارع العام-عقار رقم 1332 المالحات رقم 4 و 6 ملك وقف مدرسة القديسين بطرس بوليس في عشقت,09/957687; 03/456444
جبل لبنان - كسروان,Pharmacy ELIE - بلونه,بلونه-حي نصار الطريق العام عقار رقم 656 ملك ابي ناصر نصار,70/344556; 09/237558
جبل لبنان - كسروان,Pharmacy Elsy - الفتافت,فقا العقارية عقار 157 بلوك B- المخزن الواقع في الجهة الشرقية الشمالية ملك كارول دحدح,09/741300
جبل لبنان - كسروان,Pharmacy Maria L'Apothicaire - صيدلية,العقبة شارع الاوتستوارد عقار 52 قسم 12 ملك شركة القنير ش م ل,29/444421; 03/298429
جبل لبنان - كسروان,Pharmacy Nadine-zouk Mkael - زوق مكايل,زوق مكايل العقارية,03/753042; 09/219007
جبل لبنان - كسروان,Pharmacy Sader - صيدلية - صادر كسروان,المعصرة-ملك فادي جوزف زوين,09/445339
جبل لبنان - كسروان,THE PHARMACY - كفرحاب,كفرحاب-غزير-ملك الرهابية الانطونية المارونية,09/926002
جبل لبنان - كسروان,TRACY'S PHARMACY - حارة صخر,"JOUNIEH-BEIRUT HIGHWAY, 603, GROUND FLOOR",81/817820; 76/76842
جبل لبنان - كسروان,السهيلة - A+Pharmacy,سهيلة- الطريق العام-ملك يوسف جورج شامي,09/231359
جبل لبنان - كسروان,السيدة (نوردام) - زوق مكايل,ذوق مكايل-نداي الكهرباء ملك ابي وليم الخوري عقار 502,03/660217; 09/224294
جبل لبنان - كسروان,الصيدلية المركزية,بقعة عشقت-حي الساحة-الشارع العام-عقار 600-محل رقم 3-ملك منصور الخوري,70/975161
جبل لبنان - كسروان,العالم الجديد - كفر ياسين,كفرذيبان-الشارع العام-اللطة-بملكها عقار 986 القسم 8,03/485994; 09/711225
جبل لبنان - كسروان,الفارماتشيا- الزواق -زوق مكايل,ذوق مكايل مشروع سمايا السياحي البحري ملك سليمان رشيد تنوري عقار812 القسم22 H,03/543978; 09/218875
جبل لبنان - كسروان,النهذي خزوق مصبح,ذوق مصبح-الشارع العام-ملك جبارة وكترا,03/811191; 09/219094
جبل لبنان - كسروان,الوطنية - جونية,جونية-ملك دير الشرفة شارع الميناء الجديدة عقار 123,70006328; 03/660519
جبل لبنان - كسروان,الوقاية - PREVENTION - عشقت,عشقت- هي البلدية شارع البلدية ملكة Asma kozhaya saliba عقار 292,03/786778
جبل لبنان - كسروان,جبل لبنان - كسروان,جونية- ساحل علما ملك زيداب باسيل عقار 238,03/855777; 09/637363
جبل لبنان - كسروان,جبل لبنان - كسروان,ذوق مكايل-الشارع الرئيسي ملك ابو نضار عقار 1069,03/600121; 09/214521
جبل لبنان - كسروان,جبل لبنان - كسروان,"منطقة غادير العقارية رقم العقار 899 العقار رقم (دون المنتج التابع له ملك سيمون نبيل افرام وسبا نبيل افرام مع المنتج التابعين لهما ملك سيمون نبيل افرام وسبا نبيل افرام, 09/9004859 و 8",03/785413
جبل لبنان - كسروان,جبل لبنان - كسروان,ذوق مصبح - AVE MARIA - زوق,70/222121; 09/222121
جبل لبنان - كسروان,جبل لبنان - كسروان,ادونيس-المنطقة الخضراء-ملك ادون كداوي عقار 1200 قسم4,03/452069; 09/222564
جبل لبنان - كسروان,جبل لبنان - كسروان,ذوق مكايل-مدار ميكي-ملك جورج عقيني وليزا القاعي عقار 101,70/565359; 03/304147; 09/210620
جبل لبنان - كسروان,جبل لبنان - كسروان,جديدة غزير-الطريق العام ملك نبيل نضار عقار 115 و 114,03/627877; 09/920931
جبل لبنان - كسروان,جبل لبنان - كسروان,سهيلة- شارع رقم 142-ملك جوزف وجان الشمالي,09/231980
جبل لبنان - كسروان,جبل لبنان - كسروان,غدير فوق مدرسة الرسل ملك جاكاين ابراهيم جرمانوس الهوا وشكرا روكز الهوا عقار 978 القسم 7 بلوك ب,03/416478; 03/218354; 09/636360
جبل لبنان - كسروان,جبل لبنان - كسروان,صربا جونيه حي الكسيك شارع جامعة الروح القدس ملك سامي فرح عقار 1014,09/637340; 03/093227
جبل لبنان - كسروان,جبل لبنان - كسروان,زوق مكايل- حي التراب-ملك بولس ابي شقرا,09/223767
جبل لبنان - كسروان,جبل لبنان - كسروان,سهيلة-الطريق العام ملك يوسف مخلوف عقار 135,03/220235; 09/234170
جبل لبنان - كسروان,جبل لبنان - كسروان,زيتون طرابلس العقارية عقار 6880 المقسم 9 و 8 ملك ماجد المشالوي,70/937751; 06/434707
جبل لبنان - كسروان,جبل لبنان - كسروان,عجلتون عقار 665,09/234200; 09/234201
جبل لبنان - كسروان,جبل لبنان - كسروان,غزير حي كفرحاب الشارع العام ملك الاميرة بدعة شكيب شهاب عقار 114/ غزير,71/712777
جبل لبنان - كسروان,جبل لبنان - كسروان,الصفرا الشارع العام- B30- B29 من العقار 622 من منطقة الصفرا العقارية ملك جواد سليم الهاشم,81/968597; 03/968597; 09/852652
جبل لبنان - كسروان,جبل لبنان - كسروان,أدما و دفنة عقار رقم 1344 الشارع العام ملك ندى و ماريا عوكر القسم B- 8 و 7,03/221124; 09/852062
جبل لبنان - كسروان,جبل لبنان - كسروان,منطقة غادير العقارية الشارع العام عقار 540 بملكها,03/254580; 09/933878
جبل لبنان - كسروان,جبل لبنان - كسروان,ساحل علما شارع الاوتستوراد ملك ميلاد بعقوب القاري ومخايل يعقوب القاري عقار 20 قسم 838 عقار,03/595591; 09/838833
جبل لبنان - كسروان,جعيتا - جعيتا,جعيتا - طريق العام-ملك زانه نصير,09/233828
جبل لبنان - كسروان,در. فارما - كفر ياسين,كفرياسين-الطريق العام-ملك راند خلف,71/999548
جبل لبنان - كسروان,شتال - كفر ياسين,كفرياسين-الشارع العام اداة ملك ايفون الحاج عقار 318 القسم B 13,09/850826; 81/711776
جبل لبنان - كسروان,صيدلية إليز- PHARMACIE ELISE - حاالت,"منطقة حاالت العقارية-محلة النبوع والعصفورية- العقار رقم31- القسمين رقم H, H1- المخزن رقم6-ملك مدرسة عين ورقة البطريركية",03/836063; 09/550010
جبل لبنان - كسروان,صيدلية الدونا -بقاق الدين,بقاق الدين - العقبية العقارية عقار26 قسم رقم7-ملك طوني خيرهللا,03/444048; 29/440065
جبل لبنان - كسروان,صيدلية جان بول2 Pharmacie Jean-Paul 2 - زوق مصبح,زوق مصبح- حي ادونيس- شارع العين عقار رقم1957 ملك الياس ابراهيم خليل,03/974496; 09/225840
جبل لبنان - كسروان,صيدلية ريتا مارياPharmacie RITA MARIA - زوق مكايل,منطقة زوق مكايل العقارية عقار رقم300 القسم رقمB4-ملك الياس سمير قبيطر,03/452161; 09/224654
جبل لبنان - كسروان,صيدلية سانت تريز ذوق مكايل PHARMACIE STE,ذوق مكايل- حي مار مخايل- شارع صنين- نمرة8/1944 A- ملك سمعان توفيق موسى وإلسا جورج الدكاش,03/343363; 09/223157
جبل لبنان - كسروان,صيدلية كاريلPharmacie Karel- حارة صخر,حارة صخر العقارية- عقار رقم1801- القسم6 ملك كاريل جوزف الخوند,71/985575; 09/936274
جبل لبنان - كسروان,صيدلية ليا LEA'S PHARMACY - بالط-جبيل,منطقة بالط العقارية- عقار رقم-41 - الوحدة رقم3+4 ملك وقف سمعان حنا أبي غصن الخيري,01/450401; 01/450402; 03/314191
جبل لبنان - كسروان,صيدلية ليالPharmacie Layal - زوق مكايل,زوق مكايل- عقار رقم2205 القسم4- ملك سمير رزق هللا رعد,09/217343; 03/376749
جبل لبنان - كسروان,صيدلية م. صليبا Pharmacie M.SALIBA - جبيل,منطفة جبيل العقارية- عقار رقم1821- البلوكA- القسم9- بملكها,03/406000; 05/470480
جبل لبنان - كسروان,صيدلية ناتالي -كفر ياسين,كفرياسين الشارع العام عقار8/231 ملك ميشال سعادي نصر وشركاه,03/703367; 09/855523
جبل لبنان - كسروان,صيدلية نديمPharmacie Nadim- زوق مصبح,ZOUK MOSBEH MAIN STREET EL CENTRO GF,03/645909; 09/219320
جبل لبنان - كسروان,صيدلية هيلث اند كيرHEALTH AND CARE PHARMACY - كشوان,كفرياسين العقارية- الطريق العام- عقار رقم404- ملك جوزيف جرجي عويضة,09/851295; 70/916532
جبل لبنان - كسروان,صيدلية واكد,زوق مصبح عقار رقم1247 القسم رقم4 ملك سمير جرجي جرجي العاقوري,03/569548; 09/217713
جبل لبنان - كسروان,طراد -صربا,صربا-دير المخلص- سنتر حكيم ملك عبد النور باخوص عقار1704 قسم9,03/625105; 09/636581
جبل لبنان - كسروان,عقيقي -جبيل,جبيل-طريق عنايا-مار جرجس ملك هنيبعل زين- الدين عقار399,70/996276; 29/445996
جبل لبنان - كسروان,غ. البستاني -جونية,جونيه-مستشفى باستور- حارة صخر مللك محمود البستان عقار1321 قسم6,09/640204; 03/682630
جبل لبنان - كسروان,غادير -غادير,غادير-جسر الخروبة- ملك بطرس كامل عقار613 قسم8,09/936448; 03/452215
جبل لبنان - كسروان,غاليان -جبيل,جبيل-سيدة مارتين- ملك نجا ابوتوما عقار2474,01/270375
جبل لبنان - كسروان,فاضل -جونية,جونية-الشير\مدخل المرفأ- ملك ميشال البيروتي عقار807,09/830787; 03/380787
جبل لبنان - كسروان,كسرواني -كفرحباب,كفرحباب- الطريق العام ملك ايلي ضوميط الحداد عقار3174,71/084487; 03/453303; 09/855009; 03/342435
جبل لبنان - كسروان,محفوظ -مستيتا,مستيتا-الشارع العام- بالط ملك جورج خياط عقار25/1513,03/795635
جبل لبنان - كسروان,منى شاهين -جعيتا,جعيتا- طريق عينطورة ملك انطوان غاريوس عقار1270,03/524897; 09/234866
جبل لبنان - كسروان,ميدس اند مور MEDS AND MORE -زوق مصبح,HAKLET EL DEHAB PHARMACY,09/223170
جبل لبنان - كسروان,نور -زوق مكايل,ذوق مكايل-الشارع العام- الاوتوستراد ملك كترينة حبيقة عقار1629 قسم7,71/722099; 09/222228
جبل لبنان - كسروان,نيو جونية -جونية,جونية- ساحل علما ملك نوال جبور عقار1008 قسم5,03/830683; 09/931349
جبل لبنان - كسروان,نيو ذوق - زوق مكايل,ذوق مكايلي-سيدة المعونات-الخروية-شعبيا خوري ملك انطوان عقار 22/465,03/036398; 09/213615
جبل لبنان - كسروان,نيو سانت ريتا - زوق مصبح,"Jeita, main road near Total station Lebanon",03/569557; 09/212312
جبل لبنان - كسروان,نيو سهيلة - السهيلة,"STREET 29, RED ZONE JELWAN BLDG",09/236444
جبل لبنان - كسروان,يسوع الملك - زوق مصبح,ذوق مصبح-يسوع الملك القسم 11 ملك هدى بربور وداني صعب والقسمين 12 و 13 بملكه عقار 1950,03/200464; 09/219665
راشيا,الريان - ضهر الاحمر,ضهر الاحمر-الشارع العام ملك محمود نكد ابو رافع عقار 1394,08/561032; 03/639641
راشيا,المنيب - الرفيد,القرية الرفيد الشارع العام ملك محمد ابراهيم الحاج عقار 3028,71/560530; 08/560530; 03/560530
راشيا,خلدون - راشيا الوادي,راشيا الوادي حي البيادر عقار رقم 3710 ملك فاضل يوسف السقعان,08/591876; 03/745486
راشيا,صيدلية جبل الشيخ - راشيا الوادي,راشيا الوادي -حي عين الحور-الطريق العام -عقار رقم 898 -ملك يونس سلمان أبو ابراهيم وباسم يوسف أبو ابراهيم,70/827443
زحلة,HAIFAA MEDICAL PHARMACY - زحلة,منطقة مجدل عنجر العقارية-شارع مسجد بلال -حي العين-العقار رقم 4-المحلين رقم 3و4-من الجهة الغربية-ملك أحمد صالح,70/887349
زحلة,Pharm Sacré-coeur - الراسيه زحلة,زحلة حي الرسية شارع الراسية العام رقم العقار 225 ملك فؤاد الياس جريجيري,08/806812; 03/902099
زحلة,Pharmacy Hiba Dghaidy - زحلة,منطقة شتورا العقارية-العقار رقم 842-القسمين 6و7 ملك خالد الحسين,71/111107
زحلة,الحياة - رياق,رياق-حوش حالا ملك محمد منذر عقار 1323,08/900903; 03/738160
زحلة,الصيدلية المركزية - تعلبايا,تعلبايا زحلة طريق الشام الدولي عقار 1833 ملك خالد محمود القادري,08/540317; 03/540317
زحلة,العصرية,زحلة-الجسر-قاصوف عقار 2,08/821209; 03/801808
زحلة,المعلم - مكسه,مكسة-الشارع العام-كرمات مكسة-ملك شاتيال وبشعالني عقار 619 قسم 7 بلوك أ,08/544849; 03/736769
زحلة,النجاة - رياق,رياق-الشارع العام-ملك حسني المكحل عقار 672,03/193555; 08/920761
زحلة,ايهاب - كفر زبد,كفرزبد -حي جبلية حجر -شارع الصليب -عقار رقم 1401 ملك ايهاب سليم الخطيب ووسام سليم الخطيب,08/925746; 03/702156
زحلة,بر الياس - Pharmacy Plus,برالياس -شارع المكاوي عقار 3466-الحلين 11و12-شمالي شرقي -ملك سمية ابو عسكر,03/914443
زحلة,جديتا - De La Grace,جديتا- ملك هشام وخالد ويحيا هاشم,08/545006; 71/424036
زحلة,دلباني فارما Pharma Delbany,النبي ايلا الشارع العام -عقار رقم 748 -ملك احمد محمد الدلباني وحسين عبدالحسن جمعة,70/161949; 03966694
زحلة,دياب الطبية - شتورة,شتورة-حي جالا الشارع العام ملك خليل نبها عقار 645 الباب رقم 2,70/529592; 03/542356; 08/540250
زحلة,زحلة - ELSA Pharma,زحلة-حوش الامراء- عقار 44-كامل القسم 3-ملك ابراهيم عبد الاحد وجان وطوني وبدري عبد الاحد,08/804540
زحلة,زحلة - La Pharmacie الصيدلية,زحلة شارع كسارة التلال ملك حسين علي الدلباني عقار 3820,03/674090; 81/744991; 08/817910
زحلة,زحلة - MIRNA PHARMACIE,حوش الامراء بناء العقارية- العقار رقم 226-القسم رقم 4-البلوك A-ملك نينا القبرصلي,71/031335
زحلة,زحلة - عقيص,boulevard zahle okais bldg ground floor,08/822429; 03/821524
زحلة,سان ميشال - زحلة,زحلة-البولفار مارجرجس ومخايل -شديد ملك سامر زعيتر عقار 263 قسم 5 و 6,08/810290; 08/803593; 03/770882
زحلة,سعدنايل - Avicena,سعدنايل حي الكساروي -الطريق العام -عقار رقم 2287 -ملك حسين محمد الحمصي,08/508251; 03/962251
زحلة,سلوم - تعنايل,تعنايل الطريق العام رقم العقار 446 ملك سهيلا سعيد سروجي و ناصر محمد الجبالي,03/087841
زحلة,شوباصي فارم Choubassi pharm - سعدنايل,سعدنايل العقارية-موقع الينابيع الطريق العام عقار رقم 2405 ملك حسين جميل الشوباصي,08/505222; 03/019145
زحلة,صيدلية PHARMALUNE - حزرتا,حزرتا حي مفرق حزرتا -الشارع العام -عقار 342-ملك حسن ابوحمدان,08/802619
زحلة,صيدلية أمير - بر الياس,بر الياس شارع الكورنيش عقار رقم 1533 ملك عبد الرحمن محمد ماضي,03/944203
زحلة,صيدلية النجاة زحلة - زحلة,زحلة-معلقة اراضي-شارع الاوتوستراد-محلين من الجهة الشمالية-عقار رقم 9/2149 ملك جوزف الغصين وانطوان غصين,08932114; 03/873212
زحلة,صيدلية جيسيكا الطبية - حوش الامراء,منطقة حوش الامراء بناء العقارية-العقار رقم 3-504 محلات-ملك جيسيكا ريا,76/516507
زحلة,صيدلية رنا الطيبة RANA MEDICAL PHARMACY,مجدل عنجر -حي اكرمبه -طريق المصنع-عقار 1244 مجدل عنجر -اول بابين من جهة الشمال -ملك احمد الخطيب,03/911300; 08/620135
زحلة,صيدلية روال الطبية - رياق,منطقة رياق العقارية حي ارض الكسار -كامل القسم 4-من العقار رقم 1194-بمساحة 311 متر مربع,71/118039; 03/023607
زحلة,صيدلية سانت اوديل PHARMACIE SAINTE ODILE - قاع الريم,بلدة قاع الريم -قرب ميموزا-الطريق العام -عقار 1611 القسم 7 ملك زياد كفوري,08/802609; 70/694882
زحلة,صيدلية شتوره,منطقة جديتا العقارية-عقار رقم 2208-بملكه,03/540507
زحلة,صيدلية صرافيان - حوش الزراعنه,زحلة شارع حوش الزراعنة البولفار عقار 76 ملك جوزف واليس نعمة سكاف,08/800850; 03/450506
زحلة,صيدلية عسكر - قب الياس,قب الياس -حي السوق الداخلي -الشارع العام -عقار 2656-ملك زياد حاطوم,71/508567
زحلة,صيدلية علي النهري - علي النهري,علي النهري الشارع العام ملك زينه المصري عقار 252,71/587100; 08/921789
زحلة,صيدلية عمر مظهر - بر الياس زحلة,منطقة برالياس العقارية-العقار رقم 3-3261 محلات من الجهة الجنوبية ملك محمد عدى,03/132229; 03/025599
زحلة,صيدلية فرج الطبية FARAJ MEDICAL PHARMACY,منطقة حوش الامراء العقارية (بناء) عقار 171- القسم 6-بملكه,70/694869; 08/932291
زحلة,صيدلية قرطاس Pharmacie CORTAS حوش الامراء-زحلة,حي الكسارة -الشارع العام -عقار 82 حوش الامراء اراضي - قسم رقم 3 ملك وديع جوزف فرح,08/815816; 03/275851
زحلة,صيدلية مازن فارم - تعلبايا,تعلبايا حي الزعرورة شارع الربيع عقار رقم 2248 قسم 8 و 9 ملك عبير حيدر الطسه,03/197945; 08/508910
زحلة,صيدلية مايا - جديتا,جديتا-عقار رقم 2170 -المحل الاول من الجهة الغربية ملك ورثة كريم الياس صوما,71/318276
زحلة,صيدلية ملحم Pharmacy Melhem - علي النهري,علي النهري -الشارع العام طريق حوش الغنم -عقار رقم 33-ملك الحاج علي جمعة,08/921036; 70/765098
زحلة,صيدلية هافانا pharmacie Havana - مكسه,مكسه الشارع العام عقار رقم2 قسم 41ملك جابر الحاراتي,08/546678; 03/638350
زحلة,قب الياس - قب الياس,عقار 2061-الاقسام 4و5و6و10 -منطقة قب الياس العقارية-حي سوق التحتاني,03/500997; 08/501997
زحلة,كندا - نيحا زحلة,نيحا- حي السفل- الشارع العام- ملك عاطف جانبين و شداد,70/330350
زحلة,مجدل عنجر - CURE PHARMA,مجدل عنجر شارع العام عقار 56 ملك صالح بن محمد راشد صبري,71/072100
زحلة,مكسه - مكسه,Pharmacy Makse Kab-Elias Makse Main Road Yazbek Building Ground Floor,03/753098; 08/544933
زحلة,منذر فارما اليف Monzer Pharmlife - فرزل,منطقة فرزل العقارية عقار 3190 -المحلين الاول والثاني من الجهة الجنوبية -ملك شربل حنا,08/950213; 71/287841
زحلة,نعمة - المعلقة,معلقة زحلة الطريق العام ملك النجار عقار 47 ضم المل المجاور,08/812886; 03/802886
